{"type":"FeatureCollection","features":[{"type":"Feature","geometry":{"type":"Point","coordinates":[125.363772047703,38.8393466472514]},"properties":{"id":1,"name":"남포특별시","category":"사회>지명>행정구역(지명)>광역(직할시, 도, 특급시)"}},{"type":"Feature","geometry":{"type":"Point","coordinates":[125.366598854464,38.8416380212727]},"properties":{"id":26,"name":"강서구역","category":"사회>지명>행정구역(지명)>구/구역"}},{"type":"Feature","geometry":{"type":"Point","coordinates":[125.369765093196,38.8442042825522]},"properties":{"id":54,"name":"대안구역","category":"사회>지명>행정구역(지명)>구/구역"}},{"type":"Feature","geometry":{"type":"Point","coordinates":[125.339769412972,38.725717737552]},"properties":{"id":56,"name":"와우도구역","category":"사회>지명>행정구역(지명)>구/구역"}},{"type":"Feature","geometry":{"type":"Point","coordinates":[125.569088570219,38.9615216850345]},"properties":{"id":57,"name":"천리마구역","category":"사회>지명>행정구역(지명)>구/구역"}},{"type":"Feature","geometry":{"type":"Point","coordinates":[125.372800360515,38.7092960527912]},"properties":{"id":58,"name":"항구구역","category":"사회>지명>행정구역(지명)>구/구역"}},{"type":"Feature","geometry":{"type":"Point","coordinates":[125.383765417596,38.8560807388493]},"properties":{"id":59,"name":"용강군","category":"사회>지명>행정구역(지명)>시/군"}},{"type":"Feature","geometry":{"type":"Point","coordinates":[126.609568356801,37.9985319588509]},"properties":{"id":84,"name":"개성특별시","category":"사회>지명>행정구역(지명)>광역(직할시, 도, 특급시)"}},{"type":"Feature","geometry":{"type":"Point","coordinates":[126.515621717249,37.8928307406685]},"properties":{"id":117,"name":"개풍군","category":"사회>지명>행정구역(지명)>시/군"}},{"type":"Feature","geometry":{"type":"Point","coordinates":[126.764416852384,38.1151367923717]},"properties":{"id":144,"name":"장풍군","category":"사회>지명>행정구역(지명)>시/군"}},{"type":"Feature","geometry":{"type":"Point","coordinates":[126.765781767787,38.1162206131383]},"properties":{"id":156,"name":"판문군","category":"사회>지명>행정구역(지명)>시/군"}},{"type":"Feature","geometry":{"type":"Point","coordinates":[130.29883190278,42.2506648674249]},"properties":{"id":157,"name":"나선특별시","category":"사회>지명>행정구역(지명)>광역(직할시, 도, 특급시)"}},{"type":"Feature","geometry":{"type":"Point","coordinates":[126.606020524092,37.9956011310959]},"properties":{"id":236,"name":"송도","category":"사회>지명>인문지명(자연지명)>옛지명"}},{"type":"Feature","geometry":{"type":"Point","coordinates":[126.549539355921,38.0257063935115]},"properties":{"id":279,"name":"자남산","category":"환경>지질/지형>지형>주요 산지"}},{"type":"Feature","geometry":{"type":"Point","coordinates":[126.565465559891,37.9838303821306]},"properties":{"id":285,"name":"개성고려인삼주공장","category":"산업/경제>경공업/IT>식료품공업"}},{"type":"Feature","geometry":{"type":"Point","coordinates":[126.563423291457,37.9828915372225]},"properties":{"id":287,"name":"개성방직공장","category":"산업/경제>경공업/IT>섬유공업>방직공업"}},{"type":"Feature","geometry":{"type":"Point","coordinates":[126.564797046985,37.9786849257604]},"properties":{"id":292,"name":"자남산여관","category":"산업/경제>서비스업>숙박/요식>여관"}},{"type":"Feature","geometry":{"type":"Point","coordinates":[126.559323285014,37.9759524981465]},"properties":{"id":297,"name":"개성시김일성동지혁명사적관","category":"문화/예술>문화>기타"}},{"type":"Feature","geometry":{"type":"Point","coordinates":[126.57110055966,37.9921010932563]},"properties":{"id":302,"name":"고려박물관","category":"문화/예술>문화>전시관>박물관"}},{"type":"Feature","geometry":{"type":"Point","coordinates":[126.571020371667,37.9920981854239]},"properties":{"id":303,"name":"고려성균관","category":"사회>교육/연구>교육기관>고등교육>종합대학"}},{"type":"Feature","geometry":{"type":"Point","coordinates":[126.556464354737,37.9718505773114]},"properties":{"id":307,"name":"개성남대문","category":"문화/예술>문화재>유적>건물"}},{"type":"Feature","geometry":{"type":"Point","coordinates":[126.557186423118,37.9752683828938]},"properties":{"id":311,"name":"관덕정","category":"문화/예술>문화재>유적>건물"}},{"type":"Feature","geometry":{"type":"Point","coordinates":[126.572607848757,38.0858119954169]},"properties":{"id":312,"name":"관음사","category":"문화/예술>종교>불교"}},{"type":"Feature","geometry":{"type":"Point","coordinates":[126.565120768822,38.0851722406652]},"properties":{"id":318,"name":"대흥산성","category":"문화/예술>문화재>유적>터"}},{"type":"Feature","geometry":{"type":"Point","coordinates":[126.543435533985,37.986536080278]},"properties":{"id":328,"name":"만월대","category":"문화/예술>문화재>유적>터"}},{"type":"Feature","geometry":{"type":"Point","coordinates":[126.566097148504,37.9769104762759]},"properties":{"id":336,"name":"선죽교","category":"문화/예술>문화재>유적>유적(일반)"}},{"type":"Feature","geometry":{"type":"Point","coordinates":[126.571233189654,37.9917305761068]},"properties":{"id":339,"name":"성균관","category":"문화/예술>문화재>유적>건물"}},{"type":"Feature","geometry":{"type":"Point","coordinates":[126.561186585081,37.9747398252273]},"properties":{"id":342,"name":"숭양서원","category":"문화/예술>문화재>유적>건물"}},{"type":"Feature","geometry":{"type":"Point","coordinates":[126.564358291982,37.9768082293505]},"properties":{"id":351,"name":"표충비","category":"문화/예술>문화재>유적>비"}},{"type":"Feature","geometry":{"type":"Point","coordinates":[126.605968356758,37.9956402555776]},"properties":{"id":358,"name":"박연폭포","category":"환경>수문>기타"}},{"type":"Feature","geometry":{"type":"Point","coordinates":[126.632648725903,37.9953173356284]},"properties":{"id":378,"name":"안화사터","category":"문화/예술>문화재>유적>터"}},{"type":"Feature","geometry":{"type":"Point","coordinates":[126.591380219609,37.9796465542982]},"properties":{"id":496,"name":"덕암동","category":"사회>지명>행정구역(지명)>동읍리"}},{"type":"Feature","geometry":{"type":"Point","coordinates":[126.542439171714,38.0657890964222]},"properties":{"id":636,"name":"칠보","category":"환경>지질/지형>지형>주요 산지"}},{"type":"Feature","geometry":{"type":"Point","coordinates":[126.700673417459,37.9479617055033]},"properties":{"id":677,"name":"영통사터","category":"문화/예술>문화재>유적>터"}},{"type":"Feature","geometry":{"type":"Point","coordinates":[126.532513049239,38.0619446273622]},"properties":{"id":796,"name":"회령","category":"환경>지질/지형>지형>주요 산지"}},{"type":"Feature","geometry":{"type":"Point","coordinates":[126.562127062357,37.9878712331536]},"properties":{"id":835,"name":"조선인민군열사묘","category":"문화/예술>문화재>유적>능묘"}},{"type":"Feature","geometry":{"type":"Point","coordinates":[126.5613962628,37.9874887271194]},"properties":{"id":836,"name":"중국인민지원군열사묘","category":"문화/예술>문화재>유적>능묘"}},{"type":"Feature","geometry":{"type":"Point","coordinates":[126.568627645842,37.9785668061964]},"properties":{"id":911,"name":"원정","category":"사회>지명>인문지명(자연지명)>옛지명"}},{"type":"Feature","geometry":{"type":"Point","coordinates":[126.541277063269,37.9688530835319]},"properties":{"id":1056,"name":"개성역","category":"산업/경제>철도/지하철>철도>철도역"}},{"type":"Feature","geometry":{"type":"Point","coordinates":[126.577577950233,38.1061859601937]},"properties":{"id":1200,"name":"박연리","category":"사회>지명>행정구역(지명)>동읍리"}},{"type":"Feature","geometry":{"type":"Point","coordinates":[126.565173971301,38.0793489118472]},"properties":{"id":1346,"name":"만경대","category":"문화/예술>관광>명승지"}},{"type":"Feature","geometry":{"type":"Point","coordinates":[126.557772756449,38.1201715515322]},"properties":{"id":1347,"name":"만경봉","category":"환경>지질/지형>지형>주요 산지"}},{"type":"Feature","geometry":{"type":"Point","coordinates":[126.473375866501,37.982017023742]},"properties":{"id":1463,"name":"공민왕릉","category":"문화/예술>문화재>유적>능묘"}},{"type":"Feature","geometry":{"type":"Point","coordinates":[126.505561114769,37.9858312046817]},"properties":{"id":1479,"name":"왕건왕릉","category":"문화/예술>문화재>유적>능묘"}},{"type":"Feature","geometry":{"type":"Point","coordinates":[126.509022675518,37.8953260265736]},"properties":{"id":1547,"name":"덕암리","category":"사회>지명>인문지명(자연지명)>옛지명"}},{"type":"Feature","geometry":{"type":"Point","coordinates":[126.394495898275,38.010615302659]},"properties":{"id":1811,"name":"칠보산","category":"환경>지질/지형>지형>주요 산지"}},{"type":"Feature","geometry":{"type":"Point","coordinates":[126.484248272834,38.0416230439698]},"properties":{"id":1897,"name":"고산","category":"환경>지질/지형>지형>주요 산지"}},{"type":"Feature","geometry":{"type":"Point","coordinates":[126.504569550381,37.8256969465334]},"properties":{"id":2525,"name":"원산","category":"환경>지질/지형>지형>주요 산지"}},{"type":"Feature","geometry":{"type":"Point","coordinates":[126.51918968113,37.9780815971341]},"properties":{"id":2540,"name":"풍덕리","category":"사회>지명>행정구역(지명)>동읍리"}},{"type":"Feature","geometry":{"type":"Point","coordinates":[126.77001470304,38.1191208953164]},"properties":{"id":2988,"name":"염성동","category":"사회>지명>인문지명(자연지명)>마을(골)>기타"}},{"type":"Feature","geometry":{"type":"Point","coordinates":[126.718392222948,38.0086412236439]},"properties":{"id":3475,"name":"대덕산리","category":"사회>지명>행정구역(지명)>동읍리"}},{"type":"Feature","geometry":{"type":"Point","coordinates":[126.810143099893,38.1640508073881]},"properties":{"id":3540,"name":"덕적리","category":"사회>지명>행정구역(지명)>동읍리"}},{"type":"Feature","geometry":{"type":"Point","coordinates":[126.76213906562,38.1107447700476]},"properties":{"id":3566,"name":"덕적도","category":"환경>지질/지형>지형>주요 도서(섬)"}},{"type":"Feature","geometry":{"type":"Point","coordinates":[126.633713817909,38.0693186377628]},"properties":{"id":4294,"name":"월고리","category":"사회>지명>행정구역(지명)>동읍리"}},{"type":"Feature","geometry":{"type":"Point","coordinates":[126.677526145815,37.9562972024848]},"properties":{"id":4752,"name":"판문각","category":"문화/예술>문화재>유적>건물"}},{"type":"Feature","geometry":{"type":"Point","coordinates":[127.46171790112,38.7210543253775]},"properties":{"id":4836,"name":"판문점","category":"사회>지명>인문지명(자연지명)>마을(골)>기타"}},{"type":"Feature","geometry":{"type":"Point","coordinates":[126.548603617692,37.8965143857138]},"properties":{"id":4940,"name":"구장","category":"사회>지명>인문지명(자연지명)>마을(골)>기타"}},{"type":"Feature","geometry":{"type":"Point","coordinates":[126.568364743078,37.9157514491401]},"properties":{"id":5116,"name":"동창리","category":"사회>지명>행정구역(지명)>동읍리"}},{"type":"Feature","geometry":{"type":"Point","coordinates":[126.626496018168,37.8189562447489]},"properties":{"id":5309,"name":"임한리","category":"사회>지명>행정구역(지명)>동읍리"}},{"type":"Feature","geometry":{"type":"Point","coordinates":[126.587379973768,37.9071786199392]},"properties":{"id":5800,"name":"신흥리","category":"사회>지명>행정구역(지명)>동읍리"}},{"type":"Feature","geometry":{"type":"Point","coordinates":[126.604400023756,37.8136732729829]},"properties":{"id":6274,"name":"판문점리","category":"사회>지명>행정구역(지명)>동읍리"}},{"type":"Feature","geometry":{"type":"Point","coordinates":[126.61277074703,38.1087402616495]},"properties":{"id":6352,"name":"증산","category":"환경>지질/지형>지형>주요 산지"}},{"type":"Feature","geometry":{"type":"Point","coordinates":[126.299867484933,39.5435528548307]},"properties":{"id":6515,"name":"광량만","category":"환경>수문>기타"}},{"type":"Feature","geometry":{"type":"Point","coordinates":[125.368667163579,38.8433602872852]},"properties":{"id":6574,"name":"강서군","category":"사회>지명>인문지명(자연지명)>옛지명"}},{"type":"Feature","geometry":{"type":"Point","coordinates":[125.44827518026,38.8981543691713]},"properties":{"id":6653,"name":"태성호","category":"환경>수문>기타"}},{"type":"Feature","geometry":{"type":"Point","coordinates":[125.363149370163,38.9396354543468]},"properties":{"id":6656,"name":"강서신발공장","category":"산업/경제>경공업/IT>신발공업"}},{"type":"Feature","geometry":{"type":"Point","coordinates":[125.500890090343,38.9210514383718]},"properties":{"id":6658,"name":"강서편직공장","category":"산업/경제>경공업/IT>섬유공업>방직공업"}},{"type":"Feature","geometry":{"type":"Point","coordinates":[125.533895066686,38.9103919305235]},"properties":{"id":6659,"name":"금성트랙터종합공장","category":"산업/경제>중화학공업>기계공업>농기계"}},{"type":"Feature","geometry":{"type":"Point","coordinates":[125.435608790349,38.8939412456968]},"properties":{"id":6667,"name":"평양골프장","category":"문화/예술>관광>위락시설>기타"}},{"type":"Feature","geometry":{"type":"Point","coordinates":[125.427691339807,38.9603968359279]},"properties":{"id":6668,"name":"강서세무덤","category":"문화/예술>문화재>유적>능묘"}},{"type":"Feature","geometry":{"type":"Point","coordinates":[125.42701805154,38.9616620580138]},"properties":{"id":6670,"name":"강서중무덤","category":"문화/예술>문화재>유적>능묘"}},{"type":"Feature","geometry":{"type":"Point","coordinates":[125.427144855695,38.9611385123915]},"properties":{"id":6671,"name":"강서큰무덤","category":"문화/예술>문화재>유적>능묘"}},{"type":"Feature","geometry":{"type":"Point","coordinates":[125.473482882346,38.9645510149616]},"properties":{"id":6672,"name":"덕흥리벽화무덤","category":"문화/예술>문화재>유적>능묘"}},{"type":"Feature","geometry":{"type":"Point","coordinates":[125.437993341634,38.9345897667327]},"properties":{"id":6675,"name":"약수리벽화무덤","category":"문화/예술>문화재>유적>능묘"}},{"type":"Feature","geometry":{"type":"Point","coordinates":[125.538158487178,38.9807068574091]},"properties":{"id":7456,"name":"잠진리","category":"사회>지명>행정구역(지명)>동읍리"}},{"type":"Feature","geometry":{"type":"Point","coordinates":[125.499478036114,38.9203086853925]},"properties":{"id":7514,"name":"청산리","category":"사회>지명>행정구역(지명)>동읍리"}},{"type":"Feature","geometry":{"type":"Point","coordinates":[125.460800541234,38.8821991653658]},"properties":{"id":7602,"name":"태성리","category":"사회>지명>행정구역(지명)>동읍리"}},{"type":"Feature","geometry":{"type":"Point","coordinates":[125.516836293345,38.8332527437967]},"properties":{"id":7760,"name":"대동강전기공장","category":"산업/경제>중화학공업>전기/전자공업>전기기기"}},{"type":"Feature","geometry":{"type":"Point","coordinates":[125.51260673944,38.8318653894898]},"properties":{"id":7761,"name":"대안중기계연합기업소","category":"산업/경제>중화학공업>기계공업>공작기계"}},{"type":"Feature","geometry":{"type":"Point","coordinates":[125.508592510652,38.8373332772695]},"properties":{"id":7794,"name":"청년공원","category":"문화/예술>관광>위락시설>공원"}},{"type":"Feature","geometry":{"type":"Point","coordinates":[125.340334896814,38.7280348302394]},"properties":{"id":8348,"name":"서해갑문","category":"환경>수문>기타"}},{"type":"Feature","geometry":{"type":"Point","coordinates":[125.33698909377,38.7231381408925]},"properties":{"id":8358,"name":"대흥항부두","category":"산업/경제>항만"}},{"type":"Feature","geometry":{"type":"Point","coordinates":[125.377429508096,38.727805906909]},"properties":{"id":8361,"name":"남포교원대학","category":"사회>교육/연구>교육기관>고등교육>단과대학"}},{"type":"Feature","geometry":{"type":"Point","coordinates":[125.374512438399,38.7299191501996]},"properties":{"id":8365,"name":"남포체육촌","category":"문화/예술>체육>체육시설>실내"}},{"type":"Feature","geometry":{"type":"Point","coordinates":[125.357512939569,38.7225956860711]},"properties":{"id":8371,"name":"와우도","category":"문화/예술>관광>명승지"}},{"type":"Feature","geometry":{"type":"Point","coordinates":[125.582025338366,38.9220017657874]},"properties":{"id":9072,"name":"천리마제강연합기업소","category":"산업/경제>중화학공업>금속공업>철강공업"}},{"type":"Feature","geometry":{"type":"Point","coordinates":[125.598325747499,38.9444273041936]},"properties":{"id":9075,"name":"유색금속연구소","category":"사회>교육/연구>연구기관>인문,사회"}},{"type":"Feature","geometry":{"type":"Point","coordinates":[125.621419785572,38.9552652215405]},"properties":{"id":9476,"name":"고창리","category":"사회>지명>행정구역(지명)>동읍리"}},{"type":"Feature","geometry":{"type":"Point","coordinates":[125.391561983505,38.7187279454897]},"properties":{"id":9669,"name":"남포선박공장","category":"산업/경제>중화학공업>조선업>조선소"}},{"type":"Feature","geometry":{"type":"Point","coordinates":[125.41429720516,38.7308877148514]},"properties":{"id":9676,"name":"남포제련종합기업소","category":"산업/경제>중화학공업>금속공업>철강공업"}},{"type":"Feature","geometry":{"type":"Point","coordinates":[125.410528765041,38.7294669015764]},"properties":{"id":9679,"name":"남포조선소연합기업소","category":"산업/경제>중화학공업>조선업>조선소"}},{"type":"Feature","geometry":{"type":"Point","coordinates":[125.416308801679,38.7299837874235]},"properties":{"id":9682,"name":"남포항","category":"산업/경제>항만"}},{"type":"Feature","geometry":{"type":"Point","coordinates":[125.406340194461,38.7364279700852]},"properties":{"id":9689,"name":"남포혁명학원","category":"사회>교육/연구>교육기관>고등교육>전문학교"}},{"type":"Feature","geometry":{"type":"Point","coordinates":[125.414877203553,38.7731775282833]},"properties":{"id":9691,"name":"평양학원","category":"사회>교육/연구>교육기관>고등교육>전문학교"}},{"type":"Feature","geometry":{"type":"Point","coordinates":[125.398828446196,38.7550291902381]},"properties":{"id":9741,"name":"신남포역","category":"산업/경제>철도/지하철>철도>철도역"}},{"type":"Feature","geometry":{"type":"Point","coordinates":[125.406450542257,38.7483939008331]},"properties":{"id":9758,"name":"백화원","category":"문화/예술>관광>위락시설>유원지"}},{"type":"Feature","geometry":{"type":"Point","coordinates":[125.405428057041,38.7300965281015]},"properties":{"id":9797,"name":"항구동","category":"사회>지명>행정구역(지명)>동읍리"}},{"type":"Feature","geometry":{"type":"Point","coordinates":[125.330717811567,38.8146056566841]},"properties":{"id":10614,"name":"고려신덕산샘물공장","category":"산업/경제>경공업/IT>식료품공업"}},{"type":"Feature","geometry":{"type":"Point","coordinates":[125.403593844063,38.8893648425744]},"properties":{"id":10617,"name":"용강화강석광산","category":"산업/경제>광업>광산>비금속>화강암"}},{"type":"Feature","geometry":{"type":"Point","coordinates":[125.350389070273,38.8380629740243]},"properties":{"id":10623,"name":"김응서집","category":"문화/예술>문화재>유적>건물"}},{"type":"Feature","geometry":{"type":"Point","coordinates":[125.418743847957,38.8631706844277]},"properties":{"id":10625,"name":"용강큰무덤","category":"문화/예술>문화재>유적>능묘"}},{"type":"Feature","geometry":{"type":"Point","coordinates":[125.447297009486,38.8380103174033]},"properties":{"id":10851,"name":"입송리","category":"사회>지명>행정구역(지명)>동읍리"}},{"type":"Feature","geometry":{"type":"Point","coordinates":[125.357228388879,38.8585393046582]},"properties":{"id":11171,"name":"옥도리","category":"사회>지명>행정구역(지명)>동읍리"}},{"type":"Feature","geometry":{"type":"Point","coordinates":[129.550812186409,41.8133394760524]},"properties":{"id":11469,"name":"경원군","category":"사회>지명>인문지명(자연지명)>옛지명"}},{"type":"Feature","geometry":{"type":"Point","coordinates":[130.29883190278,42.2506648674249]},"properties":{"id":11496,"name":"나진시","category":"사회>지명>인문지명(자연지명)>옛지명"}},{"type":"Feature","geometry":{"type":"Point","coordinates":[125.616274002957,39.3098310856504]},"properties":{"id":11530,"name":"선봉군","category":"사회>지명>인문지명(자연지명)>옛지명"}},{"type":"Feature","geometry":{"type":"Point","coordinates":[130.593937636929,42.3120206374084]},"properties":{"id":11579,"name":"만포","category":"환경>수문>기타"}},{"type":"Feature","geometry":{"type":"Point","coordinates":[130.626772978344,42.2828814652971]},"properties":{"id":11624,"name":"나선국제통신센터","category":"사회>언론>통신사"}},{"type":"Feature","geometry":{"type":"Point","coordinates":[130.624791507495,42.2816570656302]},"properties":{"id":11625,"name":"나선대흥무역회사","category":"산업/경제>서비스업>유통(상업)>기타"}},{"type":"Feature","geometry":{"type":"Point","coordinates":[130.287189820542,42.2295689845544]},"properties":{"id":11627,"name":"나진항","category":"산업/경제>항만"}},{"type":"Feature","geometry":{"type":"Point","coordinates":[130.308544612137,42.2409701150596]},"properties":{"id":11628,"name":"나진호텔","category":"산업/경제>서비스업>숙박/요식>호텔"}},{"type":"Feature","geometry":{"type":"Point","coordinates":[130.383482811539,42.3279892925245]},"properties":{"id":11629,"name":"6.16화력발전소","category":"산업/경제>전력>발전소>화력발전소"}},{"type":"Feature","geometry":{"type":"Point","coordinates":[125.606870385921,39.3028647819963]},"properties":{"id":11630,"name":"선봉종합농장","category":"산업/경제>농축수산업>농업>농업사업소"}},{"type":"Feature","geometry":{"type":"Point","coordinates":[130.39891301643,42.3356745895255]},"properties":{"id":11631,"name":"선봉항","category":"산업/경제>항만"}},{"type":"Feature","geometry":{"type":"Point","coordinates":[130.348475106696,42.3183394998751]},"properties":{"id":11632,"name":"승리화학연합기업소","category":"산업/경제>중화학공업>화학공업>석유화학"}},{"type":"Feature","geometry":{"type":"Point","coordinates":[130.462765949719,42.3382877573497]},"properties":{"id":11636,"name":"웅상항","category":"산업/경제>항만"}},{"type":"Feature","geometry":{"type":"Point","coordinates":[130.28584011762,42.241064066064]},"properties":{"id":11639,"name":"나진해운대학","category":"사회>교육/연구>교육기관>고등교육>단과대학"}},{"type":"Feature","geometry":{"type":"Point","coordinates":[130.400834088682,42.339597949533]},"properties":{"id":11642,"name":"선봉혁명사적관","category":"문화/예술>문화>기타"}},{"type":"Feature","geometry":{"type":"Point","coordinates":[130.29223027297,42.3259656572916]},"properties":{"id":11701,"name":"동대문","category":"환경>지질/지형>지형>주요 산지"}},{"type":"Feature","geometry":{"type":"Point","coordinates":[130.302459188086,42.2421223251618]},"properties":{"id":11796,"name":"동명동","category":"사회>지명>행정구역(지명)>동읍리"}},{"type":"Feature","geometry":{"type":"Point","coordinates":[130.620401586655,42.4174525961229]},"properties":{"id":11813,"name":"두만강역","category":"산업/경제>철도/지하철>철도>철도역"}},{"type":"Feature","geometry":{"type":"Point","coordinates":[130.384339655618,42.3524321924681]},"properties":{"id":11884,"name":"청년공원","category":"문화/예술>관광>위락시설>공원"}},{"type":"Feature","geometry":{"type":"Point","coordinates":[130.317100849515,42.2358125591156]},"properties":{"id":12044,"name":"안주동","category":"사회>지명>행정구역(지명)>동읍리"}},{"type":"Feature","geometry":{"type":"Point","coordinates":[130.566733115176,42.3218237446766]},"properties":{"id":12383,"name":"굴포리","category":"사회>지명>행정구역(지명)>동읍리"}},{"type":"Feature","geometry":{"type":"Point","coordinates":[130.579508979834,42.4050071140967]},"properties":{"id":12729,"name":"부포리","category":"사회>지명>행정구역(지명)>동읍리"}},{"type":"Feature","geometry":{"type":"Point","coordinates":[130.48353751121,42.5770566158348]},"properties":{"id":12927,"name":"원정리","category":"사회>지명>행정구역(지명)>동읍리"}},{"type":"Feature","geometry":{"type":"Point","coordinates":[130.598499001806,42.2751440019169]},"properties":{"id":13574,"name":"우암물개","category":"환경>동/식물>동물"}},{"type":"Feature","geometry":{"type":"Point","coordinates":[126.521181550105,38.0352902829087]},"properties":{"id":13583,"name":"개성고려인삼","category":"환경>동/식물>식물"}},{"type":"Feature","geometry":{"type":"Point","coordinates":[126.28193905999,39.5432630777928]},"properties":{"id":13602,"name":"평안남도","category":"사회>지명>행정구역(지명)>광역(직할시, 도, 특급시)"}},{"type":"Feature","geometry":{"type":"Point","coordinates":[125.867211118484,39.2995949964157]},"properties":{"id":13622,"name":"평성시","category":"사회>지명>행정구역(지명)>시/군"}},{"type":"Feature","geometry":{"type":"Point","coordinates":[125.964604022219,39.6744648457525]},"properties":{"id":13623,"name":"개천시","category":"사회>지명>행정구역(지명)>시/군"}},{"type":"Feature","geometry":{"type":"Point","coordinates":[126.286349933363,39.7565417299902]},"properties":{"id":13629,"name":"덕천시","category":"사회>지명>행정구역(지명)>시/군"}},{"type":"Feature","geometry":{"type":"Point","coordinates":[125.932729328625,39.4558662739971]},"properties":{"id":13633,"name":"순천시","category":"사회>지명>행정구역(지명)>시/군"}},{"type":"Feature","geometry":{"type":"Point","coordinates":[125.706327698702,39.6080864021134]},"properties":{"id":13650,"name":"안주시","category":"사회>지명>행정구역(지명)>시/군"}},{"type":"Feature","geometry":{"type":"Point","coordinates":[126.623803480114,39.9660927055937]},"properties":{"id":13662,"name":"영원군","category":"사회>지명>행정구역(지명)>시/군"}},{"type":"Feature","geometry":{"type":"Point","coordinates":[125.548145123022,39.1157931794747]},"properties":{"id":13665,"name":"대동군","category":"사회>지명>행정구역(지명)>시/군"}},{"type":"Feature","geometry":{"type":"Point","coordinates":[126.968503181851,40.0874166734087]},"properties":{"id":13672,"name":"대흥군","category":"사회>지명>행정구역(지명)>시/군"}},{"type":"Feature","geometry":{"type":"Point","coordinates":[126.595089624666,39.663550987912]},"properties":{"id":13677,"name":"맹산군","category":"사회>지명>행정구역(지명)>시/군"}},{"type":"Feature","geometry":{"type":"Point","coordinates":[125.525228944462,39.5085119014915]},"properties":{"id":13705,"name":"문덕군","category":"사회>지명>행정구역(지명)>시/군"}},{"type":"Feature","geometry":{"type":"Point","coordinates":[125.965529330862,39.6804083276278]},"properties":{"id":13741,"name":"개천군","category":"사회>지명>인문지명(자연지명)>옛지명"}},{"type":"Feature","geometry":{"type":"Point","coordinates":[125.69891750061,39.2148855236206]},"properties":{"id":13767,"name":"순안군","category":"사회>지명>인문지명(자연지명)>옛지명"}},{"type":"Feature","geometry":{"type":"Point","coordinates":[125.931784130492,39.4584155094048]},"properties":{"id":13769,"name":"순천군","category":"사회>지명>인문지명(자연지명)>옛지명"}},{"type":"Feature","geometry":{"type":"Point","coordinates":[125.704916161118,39.6088542286456]},"properties":{"id":13774,"name":"안주군","category":"사회>지명>인문지명(자연지명)>옛지명"}},{"type":"Feature","geometry":{"type":"Point","coordinates":[125.908387908864,39.0693897861357]},"properties":{"id":13801,"name":"평양부","category":"사회>지명>인문지명(자연지명)>옛지명"}},{"type":"Feature","geometry":{"type":"Point","coordinates":[125.691947165985,39.0936244760694]},"properties":{"id":13828,"name":"보통강","category":"환경>수문>주요 강"}},{"type":"Feature","geometry":{"type":"Point","coordinates":[126.285931730966,39.5384780553484]},"properties":{"id":13840,"name":"안주탄전","category":"환경>지질/지형>지질"}},{"type":"Feature","geometry":{"type":"Point","coordinates":[126.445817270947,38.8314538256718]},"properties":{"id":13841,"name":"언진산","category":"환경>지질/지형>지형>주요 산지"}},{"type":"Feature","geometry":{"type":"Point","coordinates":[125.516936391626,39.5737407770622]},"properties":{"id":13843,"name":"열두삼천리벌","category":"환경>지질/지형>지형>평지"}},{"type":"Feature","geometry":{"type":"Point","coordinates":[126.285198376971,39.5396624429961]},"properties":{"id":13845,"name":"온천벌","category":"환경>지질/지형>지형>평지"}},{"type":"Feature","geometry":{"type":"Point","coordinates":[125.772941929763,39.6645322640103]},"properties":{"id":13850,"name":"청천강","category":"환경>수문>주요 강"}},{"type":"Feature","geometry":{"type":"Point","coordinates":[126.288102631869,39.5423192536679]},"properties":{"id":13856,"name":"평남북부탄전","category":"환경>지질/지형>지질"}},{"type":"Feature","geometry":{"type":"Point","coordinates":[125.880582580454,39.2907085327802]},"properties":{"id":13874,"name":"신천","category":"환경>수문>주요 하천"}},{"type":"Feature","geometry":{"type":"Point","coordinates":[125.871292557948,39.2680069327698]},"properties":{"id":13887,"name":"평성합성가죽공장","category":"산업/경제>경공업/IT>신발공업"}},{"type":"Feature","geometry":{"type":"Point","coordinates":[125.914037946008,39.3154623109756]},"properties":{"id":13888,"name":"공업미생물학연구소","category":"사회>교육/연구>연구기관>인문,사회"}},{"type":"Feature","geometry":{"type":"Point","coordinates":[125.91497391602,39.3569463788166]},"properties":{"id":13891,"name":"평성공업대학","category":"사회>교육/연구>교육기관>고등교육>단과대학"}},{"type":"Feature","geometry":{"type":"Point","coordinates":[125.863889950464,39.2481881004742]},"properties":{"id":13892,"name":"평성교원대학","category":"사회>교육/연구>교육기관>고등교육>단과대학"}},{"type":"Feature","geometry":{"type":"Point","coordinates":[125.869570834282,39.2494682968832]},"properties":{"id":13894,"name":"평성석탄공업대학","category":"사회>교육/연구>교육기관>고등교육>단과대학"}},{"type":"Feature","geometry":{"type":"Point","coordinates":[125.886519546313,39.2432351855003]},"properties":{"id":13895,"name":"평성수의축산대학","category":"사회>교육/연구>교육기관>고등교육>단과대학"}},{"type":"Feature","geometry":{"type":"Point","coordinates":[125.873651548966,39.2432637002923]},"properties":{"id":13896,"name":"평성의학대학","category":"사회>교육/연구>교육기관>고등교육>단과대학"}},{"type":"Feature","geometry":{"type":"Point","coordinates":[125.785219633807,39.2971706028186]},"properties":{"id":14305,"name":"중덕산","category":"환경>지질/지형>지형>주요 산지"}},{"type":"Feature","geometry":{"type":"Point","coordinates":[125.783054396218,39.2465555641452]},"properties":{"id":14335,"name":"모란봉","category":"환경>지질/지형>지형>주요 산지"}},{"type":"Feature","geometry":{"type":"Point","coordinates":[125.859673780419,39.3231015237029]},"properties":{"id":14821,"name":"백송리","category":"사회>지명>행정구역(지명)>동읍리"}},{"type":"Feature","geometry":{"type":"Point","coordinates":[125.840245241457,39.3224337295751]},"properties":{"id":14862,"name":"백송혁명사적관","category":"문화/예술>문화재>유적>유물산포지(유물산분포지역)"}},{"type":"Feature","geometry":{"type":"Point","coordinates":[125.956475012392,39.2502066301251]},"properties":{"id":15804,"name":"방전","category":"산업/경제>농축수산업>농업>농장"}},{"type":"Feature","geometry":{"type":"Point","coordinates":[125.838368908948,39.7033041221878]},"properties":{"id":16145,"name":"연포리","category":"사회>지명>인문지명(자연지명)>옛지명"}},{"type":"Feature","geometry":{"type":"Point","coordinates":[125.19601523605,39.8576821765278]},"properties":{"id":16195,"name":"남천강","category":"환경>수문>주요 강"}},{"type":"Feature","geometry":{"type":"Point","coordinates":[125.870410301798,39.6570940033985]},"properties":{"id":16219,"name":"개천수출피복공장","category":"산업/경제>경공업/IT>섬유공업>피복공업"}},{"type":"Feature","geometry":{"type":"Point","coordinates":[126.015034833274,39.6799298567559]},"properties":{"id":16225,"name":"조양탄광","category":"산업/경제>광업>광산>석탄>무연탄"}},{"type":"Feature","geometry":{"type":"Point","coordinates":[126.037226053115,39.8129601656242]},"properties":{"id":16443,"name":"남전광산","category":"산업/경제>광업>광산>금속>기타"}},{"type":"Feature","geometry":{"type":"Point","coordinates":[125.95801099803,39.7749196989637]},"properties":{"id":17008,"name":"봉천탄광","category":"산업/경제>광업>광산>석탄>무연탄"}},{"type":"Feature","geometry":{"type":"Point","coordinates":[125.947732028405,39.7340041839874]},"properties":{"id":17092,"name":"인흥리","category":"사회>지명>인문지명(자연지명)>옛지명"}},{"type":"Feature","geometry":{"type":"Point","coordinates":[126.000600666203,39.6919465967231]},"properties":{"id":17530,"name":"용복","category":"사회>지명>인문지명(자연지명)>마을(골)>기타"}},{"type":"Feature","geometry":{"type":"Point","coordinates":[125.949318147341,39.5849143110173]},"properties":{"id":18341,"name":"대각리","category":"사회>지명>행정구역(지명)>동읍리"}},{"type":"Feature","geometry":{"type":"Point","coordinates":[125.832591206813,39.7036694662869]},"properties":{"id":19029,"name":"연포","category":"사회>지명>인문지명(자연지명)>마을(골)>기타"}},{"type":"Feature","geometry":{"type":"Point","coordinates":[126.2838029585,39.7512122350281]},"properties":{"id":19401,"name":"덕천군","category":"사회>지명>인문지명(자연지명)>옛지명"}},{"type":"Feature","geometry":{"type":"Point","coordinates":[126.279734784844,39.7553120173677]},"properties":{"id":19474,"name":"덕천지구탄광연합기업소","category":"산업/경제>광업>광산>석탄>무연탄"}},{"type":"Feature","geometry":{"type":"Point","coordinates":[126.249860207128,39.7518748210509]},"properties":{"id":19475,"name":"덕천탄광기계연합기업소","category":"산업/경제>중화학공업>기계공업>탄광기계"}},{"type":"Feature","geometry":{"type":"Point","coordinates":[126.246772717729,39.7523286527211]},"properties":{"id":19476,"name":"승리자동차연합기업소","category":"산업/경제>중화학공업>자동차공업"}},{"type":"Feature","geometry":{"type":"Point","coordinates":[126.422235423312,39.7032267215799]},"properties":{"id":19631,"name":"남양탄광","category":"산업/경제>광업>광산>석탄>무연탄"}},{"type":"Feature","geometry":{"type":"Point","coordinates":[126.32059978213,39.7704781913088]},"properties":{"id":19844,"name":"덕성탄광","category":"산업/경제>광업>광산>석탄>무연탄"}},{"type":"Feature","geometry":{"type":"Point","coordinates":[126.347889197612,39.7756194619665]},"properties":{"id":19994,"name":"대동강발전소","category":"산업/경제>전력>발전소>수력발전소"}},{"type":"Feature","geometry":{"type":"Point","coordinates":[126.29897696589,39.7569869132341]},"properties":{"id":20058,"name":"덕천역","category":"산업/경제>철도/지하철>철도>철도역"}},{"type":"Feature","geometry":{"type":"Point","coordinates":[126.423564004455,39.7261465929311]},"properties":{"id":20692,"name":"평성","category":"사회>지명>인문지명(자연지명)>옛지명"}},{"type":"Feature","geometry":{"type":"Point","coordinates":[125.928908527098,39.4543473776245]},"properties":{"id":21387,"name":"순천갑문","category":"환경>수문>기타"}},{"type":"Feature","geometry":{"type":"Point","coordinates":[125.850284163372,39.5019245378568]},"properties":{"id":21394,"name":"순천구두공장","category":"산업/경제>경공업/IT>신발공업"}},{"type":"Feature","geometry":{"type":"Point","coordinates":[125.939877443157,39.4236099619646]},"properties":{"id":21396,"name":"순천석회질소비료공장","category":"산업/경제>중화학공업>화학공업>화학비료"}},{"type":"Feature","geometry":{"type":"Point","coordinates":[126.022941928694,39.447895795015]},"properties":{"id":21398,"name":"순천시멘트연합기업소","category":"산업/경제>중화학공업>건재공업>시멘트"}},{"type":"Feature","geometry":{"type":"Point","coordinates":[125.921190863816,39.4245143967475]},"properties":{"id":21401,"name":"순천제약공장","category":"사회>보건>의료>의약품(개발,생산)"}},{"type":"Feature","geometry":{"type":"Point","coordinates":[125.851193759785,39.4998386896473]},"properties":{"id":21403,"name":"이수복순천화학전문학교","category":"사회>교육/연구>교육기관>고등교육>전문학교"}},{"type":"Feature","geometry":{"type":"Point","coordinates":[125.961122038486,39.4584543592012]},"properties":{"id":21580,"name":"연포노동자구","category":"사회>지명>인문지명(자연지명)>옛지명"}},{"type":"Feature","geometry":{"type":"Point","coordinates":[126.065866106008,39.4813362347472]},"properties":{"id":22684,"name":"대성산","category":"환경>지질/지형>지형>주요 산지"}},{"type":"Feature","geometry":{"type":"Point","coordinates":[125.701060800317,39.6103444803862]},"properties":{"id":22966,"name":"연풍호","category":"환경>수문>기타"}},{"type":"Feature","geometry":{"type":"Point","coordinates":[125.697527489868,39.6526832783348]},"properties":{"id":22979,"name":"남흥청년화학연합기업소","category":"산업/경제>중화학공업>화학공업>석유화학"}},{"type":"Feature","geometry":{"type":"Point","coordinates":[125.688839799481,39.6737738322731]},"properties":{"id":22981,"name":"안주견직공장","category":"산업/경제>경공업/IT>섬유공업>방직공업"}},{"type":"Feature","geometry":{"type":"Point","coordinates":[125.664871498982,39.6250232961971]},"properties":{"id":22987,"name":"121호공장","category":"산업/경제>경공업/IT>제지공업"}},{"type":"Feature","geometry":{"type":"Point","coordinates":[125.672477684524,39.6269512095457]},"properties":{"id":22993,"name":"백상루","category":"문화/예술>문화재>유적>건물"}},{"type":"Feature","geometry":{"type":"Point","coordinates":[125.658975808003,39.6194508666514]},"properties":{"id":23608,"name":"칠성공원","category":"문화/예술>관광>위락시설>공원"}},{"type":"Feature","geometry":{"type":"Point","coordinates":[125.768935899614,39.5857931750883]},"properties":{"id":23830,"name":"상서리","category":"사회>지명>행정구역(지명)>동읍리"}},{"type":"Feature","geometry":{"type":"Point","coordinates":[125.61287605601,39.577171600286]},"properties":{"id":24243,"name":"운송리","category":"사회>지명>행정구역(지명)>동읍리"}},{"type":"Feature","geometry":{"type":"Point","coordinates":[126.624808053067,39.9643217361547]},"properties":{"id":24554,"name":"동신리","category":"사회>지명>인문지명(자연지명)>옛지명"}},{"type":"Feature","geometry":{"type":"Point","coordinates":[126.657354223996,38.9659006083725]},"properties":{"id":24628,"name":"백산","category":"환경>지질/지형>지형>주요 산지"}},{"type":"Feature","geometry":{"type":"Point","coordinates":[126.625186528182,40.0221159011898]},"properties":{"id":24632,"name":"성룡강","category":"환경>수문>주요 강"}},{"type":"Feature","geometry":{"type":"Point","coordinates":[126.518431134181,39.8089522326688]},"properties":{"id":24717,"name":"읍농장마을","category":"사회>지명>인문지명(자연지명)>마을(골)>주요 마을"}},{"type":"Feature","geometry":{"type":"Point","coordinates":[126.802743552568,40.1895759283963]},"properties":{"id":25973,"name":"소백산","category":"환경>지질/지형>지형>주요 산지"}},{"type":"Feature","geometry":{"type":"Point","coordinates":[125.775162923666,39.0190113387559]},"properties":{"id":27430,"name":"동대원동","category":"사회>지명>인문지명(자연지명)>옛지명"}},{"type":"Feature","geometry":{"type":"Point","coordinates":[125.802760204127,39.0005924733092]},"properties":{"id":27500,"name":"송신동","category":"사회>지명>인문지명(자연지명)>옛지명"}},{"type":"Feature","geometry":{"type":"Point","coordinates":[125.777237491429,39.0988264782528]},"properties":{"id":27555,"name":"화성리","category":"사회>지명>인문지명(자연지명)>옛지명"}},{"type":"Feature","geometry":{"type":"Point","coordinates":[125.540125880374,39.1543850420152]},"properties":{"id":28005,"name":"덕화리","category":"사회>지명>행정구역(지명)>동읍리"}},{"type":"Feature","geometry":{"type":"Point","coordinates":[125.577594076451,39.0595019425364]},"properties":{"id":28826,"name":"원천리","category":"사회>지명>행정구역(지명)>동읍리"}},{"type":"Feature","geometry":{"type":"Point","coordinates":[125.632484678541,39.0261123723343]},"properties":{"id":28839,"name":"용악산","category":"환경>지질/지형>지형>주요 산지"}},{"type":"Feature","geometry":{"type":"Point","coordinates":[125.633539396735,39.1227541782945]},"properties":{"id":28906,"name":"장산광산","category":"산업/경제>광업>광산>비금속>고령토"}},{"type":"Feature","geometry":{"type":"Point","coordinates":[128.135353349894,38.6681007399896]},"properties":{"id":31245,"name":"금강산","category":"환경>지질/지형>지형>주요 산지"}},{"type":"Feature","geometry":{"type":"Point","coordinates":[126.518884534389,39.4922588596975]},"properties":{"id":31878,"name":"수전리","category":"사회>지명>행정구역(지명)>동읍리"}},{"type":"Feature","geometry":{"type":"Point","coordinates":[126.52484635368,39.5417056832937]},"properties":{"id":32183,"name":"신계","category":"사회>지명>인문지명(자연지명)>마을(골)>기타"}},{"type":"Feature","geometry":{"type":"Point","coordinates":[125.518146185423,39.5080615671665]},"properties":{"id":33440,"name":"서호리","category":"사회>지명>인문지명(자연지명)>옛지명"}},{"type":"Feature","geometry":{"type":"Point","coordinates":[125.544824946151,39.5677025208154]},"properties":{"id":33782,"name":"남흥","category":"사회>지명>인문지명(자연지명)>마을(골)>기타"}},{"type":"Feature","geometry":{"type":"Point","coordinates":[125.42516902573,39.4729237298444]},"properties":{"id":34082,"name":"용림탄광","category":"산업/경제>광업>광산>석탄>무연탄"}},{"type":"Feature","geometry":{"type":"Point","coordinates":[125.557774059601,39.5454247740103]},"properties":{"id":34509,"name":"장백리","category":"사회>지명>인문지명(자연지명)>옛지명"}},{"type":"Feature","geometry":{"type":"Point","coordinates":[126.296467501106,39.554065652825]},"properties":{"id":35022,"name":"북창군","category":"사회>지명>행정구역(지명)>시/군"}},{"type":"Feature","geometry":{"type":"Point","coordinates":[126.247560554943,39.2877734012584]},"properties":{"id":35028,"name":"성천군","category":"사회>지명>행정구역(지명)>시/군"}},{"type":"Feature","geometry":{"type":"Point","coordinates":[125.549101224903,39.3985250162797]},"properties":{"id":35037,"name":"숙천군","category":"사회>지명>행정구역(지명)>시/군"}},{"type":"Feature","geometry":{"type":"Point","coordinates":[126.56341216648,39.3625827850732]},"properties":{"id":35053,"name":"신양군","category":"사회>지명>행정구역(지명)>시/군"}},{"type":"Feature","geometry":{"type":"Point","coordinates":[126.803902274423,39.1991163158642]},"properties":{"id":35055,"name":"양덕군","category":"사회>지명>행정구역(지명)>시/군"}},{"type":"Feature","geometry":{"type":"Point","coordinates":[125.229202851178,38.8630900313613]},"properties":{"id":35063,"name":"온천군","category":"사회>지명>행정구역(지명)>시/군"}},{"type":"Feature","geometry":{"type":"Point","coordinates":[126.126581769801,39.4032926591983]},"properties":{"id":35086,"name":"은산군","category":"사회>지명>행정구역(지명)>시/군"}},{"type":"Feature","geometry":{"type":"Point","coordinates":[125.349702483671,39.0790515425854]},"properties":{"id":35087,"name":"증산군","category":"사회>지명>행정구역(지명)>시/군"}},{"type":"Feature","geometry":{"type":"Point","coordinates":[125.560396775875,39.2725787402804]},"properties":{"id":35105,"name":"평원군","category":"사회>지명>행정구역(지명)>시/군"}},{"type":"Feature","geometry":{"type":"Point","coordinates":[126.43524743858,39.0814116957635]},"properties":{"id":35127,"name":"회창군","category":"사회>지명>행정구역(지명)>시/군"}},{"type":"Feature","geometry":{"type":"Point","coordinates":[126.22155352105,39.603095200271]},"properties":{"id":35132,"name":"득장지구","category":"사회>지명>인문지명(자연지명)>옛지명"}},{"type":"Feature","geometry":{"type":"Point","coordinates":[126.372296079685,39.6162978507069]},"properties":{"id":35157,"name":"광천","category":"환경>수문>주요 하천"}},{"type":"Feature","geometry":{"type":"Point","coordinates":[126.922304875724,39.1483200320873]},"properties":{"id":35162,"name":"백운산","category":"환경>지질/지형>지형>주요 산지"}},{"type":"Feature","geometry":{"type":"Point","coordinates":[126.18835262935,39.576093178347]},"properties":{"id":35180,"name":"득장탄광기계공장","category":"산업/경제>중화학공업>기계공업>탄광기계"}},{"type":"Feature","geometry":{"type":"Point","coordinates":[126.30335686515,39.5850155691899]},"properties":{"id":35183,"name":"북창화력발전연합기업소","category":"산업/경제>전력>발전소>화력발전소"}},{"type":"Feature","geometry":{"type":"Point","coordinates":[126.27162929234,39.5360394737763]},"properties":{"id":35184,"name":"송남청년탄광","category":"산업/경제>광업>광산>석탄>무연탄"}},{"type":"Feature","geometry":{"type":"Point","coordinates":[126.301975344449,39.5716420305768]},"properties":{"id":35242,"name":"북창역","category":"산업/경제>철도/지하철>철도>철도역"}},{"type":"Feature","geometry":{"type":"Point","coordinates":[126.180944209281,39.5681975758074]},"properties":{"id":35460,"name":"득장동","category":"사회>지명>인문지명(자연지명)>마을(골)>기타"}},{"type":"Feature","geometry":{"type":"Point","coordinates":[126.238735887722,39.5136392905958]},"properties":{"id":35694,"name":"송남","category":"사회>지명>인문지명(자연지명)>마을(골)>기타"}},{"type":"Feature","geometry":{"type":"Point","coordinates":[126.304778672667,39.5971374029266]},"properties":{"id":36545,"name":"대평리","category":"사회>지명>행정구역(지명)>동읍리"}},{"type":"Feature","geometry":{"type":"Point","coordinates":[126.241570207044,39.5648177815902]},"properties":{"id":36666,"name":"용산탄광","category":"산업/경제>광업>광산>석탄>무연탄"}},{"type":"Feature","geometry":{"type":"Point","coordinates":[126.093297217914,39.6296071405937]},"properties":{"id":36960,"name":"금강산","category":"환경>지질/지형>지형>주요 산지"}},{"type":"Feature","geometry":{"type":"Point","coordinates":[126.254329076035,39.287816946288]},"properties":{"id":38368,"name":"삼덕면","category":"사회>지명>인문지명(자연지명)>옛지명"}},{"type":"Feature","geometry":{"type":"Point","coordinates":[125.981619949161,39.242362456508]},"properties":{"id":38509,"name":"성천갑문","category":"환경>수문>기타"}},{"type":"Feature","geometry":{"type":"Point","coordinates":[126.220434420655,39.2521677230047]},"properties":{"id":38542,"name":"성천읍","category":"사회>지명>행정구역(지명)>동읍리"}},{"type":"Feature","geometry":{"type":"Point","coordinates":[126.12788283273,39.24617463519]},"properties":{"id":39851,"name":"용산리","category":"사회>지명>행정구역(지명)>동읍리"}},{"type":"Feature","geometry":{"type":"Point","coordinates":[126.248094888125,39.2327903468182]},"properties":{"id":39989,"name":"용흥리","category":"사회>지명>행정구역(지명)>동읍리"}},{"type":"Feature","geometry":{"type":"Point","coordinates":[125.556401016991,39.4003090720945]},"properties":{"id":41679,"name":"숙천","category":"사회>지명>인문지명(자연지명)>옛지명"}},{"type":"Feature","geometry":{"type":"Point","coordinates":[125.553777282212,39.399754100289]},"properties":{"id":41706,"name":"평원","category":"사회>지명>인문지명(자연지명)>옛지명"}},{"type":"Feature","geometry":{"type":"Point","coordinates":[125.373423837866,39.4185306892073]},"properties":{"id":41730,"name":"과수학연구소","category":"사회>교육/연구>연구기관>인문,사회"}},{"type":"Feature","geometry":{"type":"Point","coordinates":[125.427397103785,39.3581462066329]},"properties":{"id":41826,"name":"남양리","category":"사회>지명>인문지명(자연지명)>옛지명"}},{"type":"Feature","geometry":{"type":"Point","coordinates":[125.446893517755,39.3962156862981]},"properties":{"id":42141,"name":"광포","category":"환경>수문>주요 하천"}},{"type":"Feature","geometry":{"type":"Point","coordinates":[125.493213691933,39.4366000245406]},"properties":{"id":42524,"name":"사산리","category":"사회>지명>행정구역(지명)>동읍리"}},{"type":"Feature","geometry":{"type":"Point","coordinates":[125.497522564414,39.4409338465429]},"properties":{"id":42538,"name":"용성","category":"사회>지명>인문지명(자연지명)>마을(골)>기타"}},{"type":"Feature","geometry":{"type":"Point","coordinates":[125.529594896499,39.322133722294]},"properties":{"id":42663,"name":"신풍리","category":"사회>지명>행정구역(지명)>동읍리"}},{"type":"Feature","geometry":{"type":"Point","coordinates":[125.496803303253,39.3347057358291]},"properties":{"id":42842,"name":"약전리","category":"사회>지명>행정구역(지명)>동읍리"}},{"type":"Feature","geometry":{"type":"Point","coordinates":[125.63019268092,39.4735357100228]},"properties":{"id":43279,"name":"칠리탄광","category":"산업/경제>광업>광산>석탄>갈탄"}},{"type":"Feature","geometry":{"type":"Point","coordinates":[126.368855802848,39.3103230961747]},"properties":{"id":43691,"name":"비류강","category":"환경>수문>주요 강"}},{"type":"Feature","geometry":{"type":"Point","coordinates":[126.442812983314,39.3451564757814]},"properties":{"id":44420,"name":"해산","category":"환경>지질/지형>지형>주요 산지"}},{"type":"Feature","geometry":{"type":"Point","coordinates":[126.655958029967,39.4023123166315]},"properties":{"id":45535,"name":"장성리","category":"사회>지명>행정구역(지명)>동읍리"}},{"type":"Feature","geometry":{"type":"Point","coordinates":[126.764765391204,39.2308738866452]},"properties":{"id":46718,"name":"석탕온천역","category":"산업/경제>철도/지하철>철도>철도역"}},{"type":"Feature","geometry":{"type":"Point","coordinates":[126.855505631493,39.2317441730455]},"properties":{"id":47238,"name":"은하리","category":"사회>지명>행정구역(지명)>동읍리"}},{"type":"Feature","geometry":{"type":"Point","coordinates":[126.806212579891,39.2009216679029]},"properties":{"id":47549,"name":"태흥리","category":"사회>지명>행정구역(지명)>동읍리"}},{"type":"Feature","geometry":{"type":"Point","coordinates":[126.288874964931,39.5441523572555]},"properties":{"id":47863,"name":"광량만제염소","category":"산업/경제>농축수산업>수산업>염전"}},{"type":"Feature","geometry":{"type":"Point","coordinates":[126.285325125961,39.5397803105524]},"properties":{"id":47864,"name":"귀성제염소","category":"산업/경제>농축수산업>수산업>염전"}},{"type":"Feature","geometry":{"type":"Point","coordinates":[126.283289094961,39.5398128077951]},"properties":{"id":48075,"name":"마영리","category":"사회>지명>인문지명(자연지명)>옛지명"}},{"type":"Feature","geometry":{"type":"Point","coordinates":[125.278112687852,38.8388484321238]},"properties":{"id":48468,"name":"금당리","category":"사회>지명>행정구역(지명)>동읍리"}},{"type":"Feature","geometry":{"type":"Point","coordinates":[125.544391969334,39.3704377279465]},"properties":{"id":48724,"name":"원산","category":"환경>지질/지형>지형>주요 산지"}},{"type":"Feature","geometry":{"type":"Point","coordinates":[126.663969571904,40.0562137703555]},"properties":{"id":49014,"name":"신덕샘물","category":"환경>수문>기타"}},{"type":"Feature","geometry":{"type":"Point","coordinates":[125.216590188731,38.9705145111075]},"properties":{"id":49128,"name":"안석리","category":"사회>지명>행정구역(지명)>동읍리"}},{"type":"Feature","geometry":{"type":"Point","coordinates":[125.200025804826,38.872467025342]},"properties":{"id":49202,"name":"온천양어장","category":"산업/경제>농축수산업>수산업>양어장"}},{"type":"Feature","geometry":{"type":"Point","coordinates":[126.069656587529,39.3891393077642]},"properties":{"id":49398,"name":"장선강","category":"환경>수문>주요 강"}},{"type":"Feature","geometry":{"type":"Point","coordinates":[126.208063375795,39.4952056126994]},"properties":{"id":49615,"name":"영대탄광","category":"산업/경제>광업>광산>석탄>무연탄"}},{"type":"Feature","geometry":{"type":"Point","coordinates":[126.125225408648,39.4003462111268]},"properties":{"id":49798,"name":"신창탄광","category":"산업/경제>광업>광산>석탄>무연탄"}},{"type":"Feature","geometry":{"type":"Point","coordinates":[126.009172357743,39.3203897630283]},"properties":{"id":50099,"name":"서포","category":"사회>지명>인문지명(자연지명)>마을(골)>기타"}},{"type":"Feature","geometry":{"type":"Point","coordinates":[126.028829412779,39.2686586985875]},"properties":{"id":50242,"name":"대양리","category":"사회>지명>행정구역(지명)>동읍리"}},{"type":"Feature","geometry":{"type":"Point","coordinates":[125.346235307989,39.0761022018383]},"properties":{"id":51824,"name":"남리면","category":"사회>지명>인문지명(자연지명)>옛지명"}},{"type":"Feature","geometry":{"type":"Point","coordinates":[125.335567515973,39.1453749591838]},"properties":{"id":52276,"name":"무봉리","category":"사회>지명>인문지명(자연지명)>옛지명"}},{"type":"Feature","geometry":{"type":"Point","coordinates":[125.270316912198,39.0128613383357]},"properties":{"id":53101,"name":"풍정리","category":"사회>지명>행정구역(지명)>동읍리"}},{"type":"Feature","geometry":{"type":"Point","coordinates":[125.326261827069,38.9840798871582]},"properties":{"id":53165,"name":"함종리","category":"사회>지명>행정구역(지명)>동읍리"}},{"type":"Feature","geometry":{"type":"Point","coordinates":[125.629036795402,39.3322745793038]},"properties":{"id":53348,"name":"영유광산","category":"산업/경제>광업>광산>비금속>인회석"}},{"type":"Feature","geometry":{"type":"Point","coordinates":[125.70728307213,39.2783859453044]},"properties":{"id":53987,"name":"용이리","category":"사회>지명>행정구역(지명)>동읍리"}},{"type":"Feature","geometry":{"type":"Point","coordinates":[125.599162825876,39.3248620754165]},"properties":{"id":54188,"name":"삼봉리","category":"사회>지명>행정구역(지명)>동읍리"}},{"type":"Feature","geometry":{"type":"Point","coordinates":[125.660326391692,39.248351925185]},"properties":{"id":55102,"name":"원화리","category":"사회>지명>행정구역(지명)>동읍리"}},{"type":"Feature","geometry":{"type":"Point","coordinates":[125.456106269108,39.4880924654218]},"properties":{"id":57479,"name":"안주지구탄광연합기업소","category":"산업/경제>광업>광산>석탄>기타"}},{"type":"Feature","geometry":{"type":"Point","coordinates":[125.447188884894,39.4860940185111]},"properties":{"id":57480,"name":"청남수출피복공장","category":"산업/경제>경공업/IT>섬유공업>피복공업"}},{"type":"Feature","geometry":{"type":"Point","coordinates":[126.627853514213,39.2234422990556]},"properties":{"id":57946,"name":"양덕온천","category":"환경>천연기념물"}},{"type":"Feature","geometry":{"type":"Point","coordinates":[126.680784760266,39.2464500298177]},"properties":{"id":57948,"name":"석탕온천","category":"환경>천연기념물"}},{"type":"Feature","geometry":{"type":"Point","coordinates":[125.250997232802,40.0379543982651]},"properties":{"id":57972,"name":"평안북도","category":"사회>지명>행정구역(지명)>광역(직할시, 도, 특급시)"}},{"type":"Feature","geometry":{"type":"Point","coordinates":[126.330898970582,39.9963600357414]},"properties":{"id":57973,"name":"묘향산","category":"환경>지질/지형>지형>주요 산지"}},{"type":"Feature","geometry":{"type":"Point","coordinates":[124.446886684381,40.0906170258825]},"properties":{"id":57974,"name":"신의주시","category":"사회>지명>행정구역(지명)>시/군"}},{"type":"Feature","geometry":{"type":"Point","coordinates":[125.23151787166,39.9503590915692]},"properties":{"id":57975,"name":"구성시","category":"사회>지명>행정구역(지명)>시/군"}},{"type":"Feature","geometry":{"type":"Point","coordinates":[125.256461044202,39.6874484040015]},"properties":{"id":57976,"name":"정주시","category":"사회>지명>행정구역(지명)>시/군"}},{"type":"Feature","geometry":{"type":"Point","coordinates":[125.076002076571,39.6929014640847]},"properties":{"id":57982,"name":"곽산군","category":"사회>지명>행정구역(지명)>시/군"}},{"type":"Feature","geometry":{"type":"Point","coordinates":[126.088180203703,39.9000929638926]},"properties":{"id":58006,"name":"구장군","category":"사회>지명>행정구역(지명)>시/군"}},{"type":"Feature","geometry":{"type":"Point","coordinates":[125.765634283412,39.8259953808284]},"properties":{"id":58011,"name":"영변군","category":"사회>지명>행정구역(지명)>시/군"}},{"type":"Feature","geometry":{"type":"Point","coordinates":[125.226264645299,40.2070045533975]},"properties":{"id":58019,"name":"대관군","category":"사회>지명>행정구역(지명)>시/군"}},{"type":"Feature","geometry":{"type":"Point","coordinates":[124.80912817891,39.8788032798633]},"properties":{"id":58023,"name":"동림군","category":"사회>지명>행정구역(지명)>시/군"}},{"type":"Feature","geometry":{"type":"Point","coordinates":[125.534544491514,40.2400587932007]},"properties":{"id":58046,"name":"동창군","category":"사회>지명>행정구역(지명)>시/군"}},{"type":"Feature","geometry":{"type":"Point","coordinates":[124.427691063333,39.9618414550294]},"properties":{"id":58052,"name":"용천군","category":"사회>지명>행정구역(지명)>시/군"}},{"type":"Feature","geometry":{"type":"Point","coordinates":[125.59418147614,39.7016503658706]},"properties":{"id":58064,"name":"박천군","category":"사회>지명>행정구역(지명)>시/군"}},{"type":"Feature","geometry":{"type":"Point","coordinates":[125.417858690812,40.5386962959749]},"properties":{"id":58101,"name":"벽동군","category":"사회>지명>행정구역(지명)>시/군"}},{"type":"Feature","geometry":{"type":"Point","coordinates":[125.472448295154,39.6163488139545]},"properties":{"id":58123,"name":"대령강","category":"환경>수문>주요 강"}},{"type":"Feature","geometry":{"type":"Point","coordinates":[125.009223461933,39.730165047012]},"properties":{"id":58126,"name":"동래강","category":"환경>수문>주요 강"}},{"type":"Feature","geometry":{"type":"Point","coordinates":[124.610811617316,40.0353396949901]},"properties":{"id":58141,"name":"삼교천","category":"환경>수문>주요 강"}},{"type":"Feature","geometry":{"type":"Point","coordinates":[125.15971867351,40.5956489476543]},"properties":{"id":58152,"name":"압록강","category":"환경>수문>주요 강"}},{"type":"Feature","geometry":{"type":"Point","coordinates":[124.449789443873,40.0863498346768]},"properties":{"id":58436,"name":"위화도","category":"환경>지질/지형>지형>주요 도서(섬)"}},{"type":"Feature","geometry":{"type":"Point","coordinates":[124.436981645369,40.0519924695228]},"properties":{"id":58439,"name":"낙원기계연합기업소","category":"산업/경제>중화학공업>기계공업>건설기계"}},{"type":"Feature","geometry":{"type":"Point","coordinates":[124.411519798426,40.1131176206734]},"properties":{"id":58442,"name":"신의주방직공장","category":"산업/경제>경공업/IT>섬유공업>방직공업"}},{"type":"Feature","geometry":{"type":"Point","coordinates":[124.381916994024,40.0864981124726]},"properties":{"id":58443,"name":"신의주법랑철기공장","category":"산업/경제>경공업/IT>잡업(잡화)"}},{"type":"Feature","geometry":{"type":"Point","coordinates":[124.407253889842,40.1097124160596]},"properties":{"id":58444,"name":"신의주신발공장","category":"산업/경제>경공업/IT>신발공업"}},{"type":"Feature","geometry":{"type":"Point","coordinates":[124.440430272709,40.057630018194]},"properties":{"id":58447,"name":"신의주화장품공장","category":"산업/경제>경공업/IT>잡업(잡화)"}},{"type":"Feature","geometry":{"type":"Point","coordinates":[124.405860406271,40.1129775549509]},"properties":{"id":58448,"name":"신의주화학섬유공장","category":"산업/경제>경공업/IT>섬유공업>섬유공장"}},{"type":"Feature","geometry":{"type":"Point","coordinates":[124.391671979763,40.0898054391031]},"properties":{"id":58450,"name":"김금순중학교","category":"사회>교육/연구>교육기관>중등교육"}},{"type":"Feature","geometry":{"type":"Point","coordinates":[124.388605615498,40.0945483933991]},"properties":{"id":58455,"name":"신의주교원대학","category":"사회>교육/연구>교육기관>고등교육>단과대학"}},{"type":"Feature","geometry":{"type":"Point","coordinates":[124.405618916644,40.1018417868804]},"properties":{"id":58462,"name":"신의주은덕원","category":"문화/예술>관광>위락시설>유원지"}},{"type":"Feature","geometry":{"type":"Point","coordinates":[124.477881496368,40.0853605945096]},"properties":{"id":58464,"name":"차광수신의주제1사범대학","category":"사회>교육/연구>교육기관>고등교육>단과대학"}},{"type":"Feature","geometry":{"type":"Point","coordinates":[124.396769467729,40.1113855086488]},"properties":{"id":58466,"name":"평안북도김일성동지혁명사적관","category":"문화/예술>문화>기타"}},{"type":"Feature","geometry":{"type":"Point","coordinates":[124.499587682726,40.1278039212942]},"properties":{"id":58469,"name":"화학섬유연구소","category":"사회>교육/연구>연구기관>인문,사회"}},{"type":"Feature","geometry":{"type":"Point","coordinates":[124.434761091686,40.0495928871921]},"properties":{"id":58536,"name":"낙원동","category":"사회>지명>인문지명(자연지명)>옛지명"}},{"type":"Feature","geometry":{"type":"Point","coordinates":[124.392276549126,40.1085204438882]},"properties":{"id":58789,"name":"압록강유원지","category":"문화/예술>관광>위락시설>유원지"}},{"type":"Feature","geometry":{"type":"Point","coordinates":[124.474574488169,40.1441186102933]},"properties":{"id":58889,"name":"다지리","category":"사회>지명>행정구역(지명)>동읍리"}},{"type":"Feature","geometry":{"type":"Point","coordinates":[124.459517445871,40.1472992202698]},"properties":{"id":58961,"name":"상단리","category":"사회>지명>행정구역(지명)>동읍리"}},{"type":"Feature","geometry":{"type":"Point","coordinates":[124.439805641785,40.1348745354587]},"properties":{"id":59057,"name":"하단리","category":"사회>지명>행정구역(지명)>동읍리"}},{"type":"Feature","geometry":{"type":"Point","coordinates":[125.262660783823,39.9730373419976]},"properties":{"id":59123,"name":"구성방직공장","category":"산업/경제>경공업/IT>섬유공업>방직공업"}},{"type":"Feature","geometry":{"type":"Point","coordinates":[125.209464956536,39.9780679746334]},"properties":{"id":59125,"name":"구성공작기계공장","category":"산업/경제>중화학공업>기계공업>공작기계"}},{"type":"Feature","geometry":{"type":"Point","coordinates":[125.248000021669,39.9925539681421]},"properties":{"id":59131,"name":"만년사","category":"문화/예술>문화재>유적>유적(일반)"}},{"type":"Feature","geometry":{"type":"Point","coordinates":[125.233646118654,39.8584742532416]},"properties":{"id":61361,"name":"장강","category":"환경>수문>주요 하천"}},{"type":"Feature","geometry":{"type":"Point","coordinates":[125.285218200693,39.773265318299]},"properties":{"id":61479,"name":"정주수출피복공장","category":"산업/경제>경공업/IT>섬유공업>피복공업"}},{"type":"Feature","geometry":{"type":"Point","coordinates":[125.218897610465,39.6960537411672]},"properties":{"id":61482,"name":"평북제련소","category":"산업/경제>중화학공업>금속공업>철강공업"}},{"type":"Feature","geometry":{"type":"Point","coordinates":[125.20490641256,39.6941744037836]},"properties":{"id":61485,"name":"정주읍성","category":"문화/예술>문화재>유적>건물"}},{"type":"Feature","geometry":{"type":"Point","coordinates":[125.328495905614,39.7336089526044]},"properties":{"id":61751,"name":"만경대","category":"환경>지질/지형>지형>주요 산지"}},{"type":"Feature","geometry":{"type":"Point","coordinates":[125.275464312641,39.652927547545]},"properties":{"id":62647,"name":"강북리","category":"사회>지명>인문지명(자연지명)>옛지명"}},{"type":"Feature","geometry":{"type":"Point","coordinates":[125.087926170731,39.6994643195278]},"properties":{"id":63429,"name":"곽산연결농기계공장","category":"산업/경제>중화학공업>기계공업>농기계"}},{"type":"Feature","geometry":{"type":"Point","coordinates":[125.048668861324,39.6887663801889]},"properties":{"id":64523,"name":"초장리","category":"사회>지명>행정구역(지명)>동읍리"}},{"type":"Feature","geometry":{"type":"Point","coordinates":[125.945835876884,39.8958148301915]},"properties":{"id":64644,"name":"천이산","category":"환경>지질/지형>지형>주요 산지"}},{"type":"Feature","geometry":{"type":"Point","coordinates":[126.051527425763,39.8628962638999]},"properties":{"id":64649,"name":"구장시멘트공장","category":"산업/경제>중화학공업>건재공업>시멘트"}},{"type":"Feature","geometry":{"type":"Point","coordinates":[125.980024180595,39.9333145271103]},"properties":{"id":64652,"name":"김광철중학교","category":"사회>교육/연구>교육기관>중등교육"}},{"type":"Feature","geometry":{"type":"Point","coordinates":[126.056912186786,39.8545335872332]},"properties":{"id":64729,"name":"구장칠색송어양어장","category":"산업/경제>농축수산업>수산업>양어장"}},{"type":"Feature","geometry":{"type":"Point","coordinates":[126.069297352624,39.8361249503483]},"properties":{"id":64818,"name":"용등탄광","category":"산업/경제>광업>광산>석탄>무연탄"}},{"type":"Feature","geometry":{"type":"Point","coordinates":[125.932478333564,39.9688097382942]},"properties":{"id":65320,"name":"해서벌","category":"환경>지질/지형>지형>평지"}},{"type":"Feature","geometry":{"type":"Point","coordinates":[125.878392231714,39.9329080712409]},"properties":{"id":65751,"name":"송원","category":"사회>지명>인문지명(자연지명)>마을(골)>기타"}},{"type":"Feature","geometry":{"type":"Point","coordinates":[125.772822506857,39.8230996321406]},"properties":{"id":66742,"name":"영변면","category":"사회>지명>인문지명(자연지명)>옛지명"}},{"type":"Feature","geometry":{"type":"Point","coordinates":[125.80009295696,39.8135473808541]},"properties":{"id":66811,"name":"영변견직공장","category":"산업/경제>경공업/IT>섬유공업>방직공업"}},{"type":"Feature","geometry":{"type":"Point","coordinates":[125.804978760814,39.8159525379186]},"properties":{"id":66821,"name":"언무루","category":"문화/예술>문화재>��적>건물"}},{"type":"Feature","geometry":{"type":"Point","coordinates":[124.822816384276,39.7962534036657]},"properties":{"id":67779,"name":"검산","category":"환경>지질/지형>지형>주요 산지"}},{"type":"Feature","geometry":{"type":"Point","coordinates":[125.822418537734,39.8923472720722]},"properties":{"id":68583,"name":"하초리","category":"사회>지명>행정구역(지명)>동읍리"}},{"type":"Feature","geometry":{"type":"Point","coordinates":[125.022189834314,40.2034483675949]},"properties":{"id":68779,"name":"천마산","category":"환경>지질/지형>지형>주요 산지"}},{"type":"Feature","geometry":{"type":"Point","coordinates":[125.135726389012,40.1193378209732]},"properties":{"id":68905,"name":"금창리","category":"사회>지명>행정구역(지명)>동읍리"}},{"type":"Feature","geometry":{"type":"Point","coordinates":[125.201258500723,40.2727239066968]},"properties":{"id":69946,"name":"신온리","category":"사회>지명>행정구역(지명)>동읍리"}},{"type":"Feature","geometry":{"type":"Point","coordinates":[124.91048807691,39.9534213896471]},"properties":{"id":70466,"name":"향산","category":"환경>지질/지형>지형>주요 산지"}},{"type":"Feature","geometry":{"type":"Point","coordinates":[124.721746118836,39.8288333182237]},"properties":{"id":70469,"name":"잠학연구소","category":"사회>교육/연구>연구기관>인문,사회"}},{"type":"Feature","geometry":{"type":"Point","coordinates":[124.457846693058,39.9857401922538]},"properties":{"id":73671,"name":"용천역","category":"산업/경제>철도/지하철>철도>철도역"}},{"type":"Feature","geometry":{"type":"Point","coordinates":[124.374115275173,39.9352734654088]},"properties":{"id":73706,"name":"용암포","category":"산업/경제>항만"}},{"type":"Feature","geometry":{"type":"Point","coordinates":[124.490663745167,39.9703638296495]},"properties":{"id":73971,"name":"동하리","category":"사회>지명>행정구역(지명)>동읍리"}},{"type":"Feature","geometry":{"type":"Point","coordinates":[124.443797995051,40.0230733487781]},"properties":{"id":74272,"name":"신암리","category":"사회>지명>행정구역(지명)>동읍리"}},{"type":"Feature","geometry":{"type":"Point","coordinates":[124.424183710798,39.9374158444776]},"properties":{"id":74433,"name":"영광","category":"사회>지명>인문지명(자연지명)>마을(골)>기타"}},{"type":"Feature","geometry":{"type":"Point","coordinates":[124.542796565483,39.9772827104425]},"properties":{"id":74666,"name":"학흥리","category":"사회>지명>행정구역(지명)>동읍리"}},{"type":"Feature","geometry":{"type":"Point","coordinates":[124.542616463957,39.9780623054267]},"properties":{"id":74723,"name":"학송","category":"사회>지명>인문지명(자연지명)>마을(골)>기타"}},{"type":"Feature","geometry":{"type":"Point","coordinates":[125.580962510329,39.7213762925218]},"properties":{"id":74786,"name":"박천견직공장","category":"산업/경제>경공업/IT>섬유공업>방직공업"}},{"type":"Feature","geometry":{"type":"Point","coordinates":[125.633053371322,39.7175584052544]},"properties":{"id":74790,"name":"심원사","category":"문화/예술>종교>불교"}},{"type":"Feature","geometry":{"type":"Point","coordinates":[124.668581392246,40.1861019583635]},"properties":{"id":74967,"name":"금강산","category":"환경>지질/지형>지형>주요 산지"}},{"type":"Feature","geometry":{"type":"Point","coordinates":[125.647476009406,39.8013058439929]},"properties":{"id":75392,"name":"상추리","category":"사회>지명>행정구역(지명)>동읍리"}},{"type":"Feature","geometry":{"type":"Point","coordinates":[125.53279353619,40.5021272802957]},"properties":{"id":76096,"name":"삼장리","category":"사회>지명>인문지명(자연지명)>옛지명"}},{"type":"Feature","geometry":{"type":"Point","coordinates":[126.123589982944,39.8483339872962]},"properties":{"id":77686,"name":"용문대굴","category":"환경>천연기념물"}},{"type":"Feature","geometry":{"type":"Point","coordinates":[124.943065866306,40.3408237281221]},"properties":{"id":77732,"name":"삭주군","category":"사회>지명>행정구역(지명)>시/군"}},{"type":"Feature","geometry":{"type":"Point","coordinates":[124.949851237524,39.7622041852756]},"properties":{"id":77743,"name":"선천군","category":"사회>지명>행정구역(지명)>시/군"}},{"type":"Feature","geometry":{"type":"Point","coordinates":[124.26493993373,39.8712570849172]},"properties":{"id":77755,"name":"신도군","category":"사회>지명>행정구역(지명)>시/군"}},{"type":"Feature","geometry":{"type":"Point","coordinates":[124.53255327219,39.8727247186935]},"properties":{"id":77756,"name":"염주군","category":"사회>지명>행정구역(지명)>시/군"}},{"type":"Feature","geometry":{"type":"Point","coordinates":[125.79723713769,40.1010049938497]},"properties":{"id":77781,"name":"운산군","category":"사회>지명>행정구역(지명)>시/군"}},{"type":"Feature","geometry":{"type":"Point","coordinates":[125.427553447009,39.6764309128458]},"properties":{"id":77793,"name":"운전군","category":"사회>지명>행정구역(지명)>시/군"}},{"type":"Feature","geometry":{"type":"Point","coordinates":[124.657690690151,40.2024082163199]},"properties":{"id":77796,"name":"의주군","category":"사회>지명>행정구역(지명)>시/군"}},{"type":"Feature","geometry":{"type":"Point","coordinates":[125.245911255672,40.4389654217004]},"properties":{"id":77804,"name":"창성군","category":"사회>지명>행정구역(지명)>시/군"}},{"type":"Feature","geometry":{"type":"Point","coordinates":[124.946582904845,40.0738281059191]},"properties":{"id":77820,"name":"천마군","category":"사회>지명>행정구역(지명)>시/군"}},{"type":"Feature","geometry":{"type":"Point","coordinates":[124.656963134256,39.7120374358957]},"properties":{"id":77821,"name":"철산군","category":"사회>지명>행정구역(지명)>시/군"}},{"type":"Feature","geometry":{"type":"Point","coordinates":[125.500066634487,39.9420791193623]},"properties":{"id":77878,"name":"태천군","category":"사회>지명>행정구역(지명)>시/군"}},{"type":"Feature","geometry":{"type":"Point","coordinates":[124.661663381959,40.0327582310793]},"properties":{"id":77884,"name":"피현군","category":"사회>지명>행정구역(지명)>시/군"}},{"type":"Feature","geometry":{"type":"Point","coordinates":[126.096263377653,40.0309398497124]},"properties":{"id":77885,"name":"향산군","category":"사회>지명>행정구역(지명)>시/군"}},{"type":"Feature","geometry":{"type":"Point","coordinates":[125.041403985715,40.3910684924393]},"properties":{"id":77955,"name":"삭주식료공장","category":"산업/경제>경공업/IT>식료품공업"}},{"type":"Feature","geometry":{"type":"Point","coordinates":[125.032588308993,40.3777553007516]},"properties":{"id":77956,"name":"삭주직물공장","category":"산업/경제>경공업/IT>섬유공업>방직공업"}},{"type":"Feature","geometry":{"type":"Point","coordinates":[124.883970702772,40.4537811185234]},"properties":{"id":77957,"name":"청수화학공장","category":"산업/경제>중화학공업>화학공업>무기화학"}},{"type":"Feature","geometry":{"type":"Point","coordinates":[124.920131311268,40.3032080615489]},"properties":{"id":77958,"name":"풍년광산","category":"산업/경제>광업>광산>비금속>인회석"}},{"type":"Feature","geometry":{"type":"Point","coordinates":[124.886951450657,40.4108833366596]},"properties":{"id":79033,"name":"도문리","category":"사회>지명>인문지명(자연지명)>마을(골)>기타"}},{"type":"Feature","geometry":{"type":"Point","coordinates":[124.957414247953,39.7641206719922]},"properties":{"id":79794,"name":"안화군","category":"사회>지명>인문지명(자연지명)>옛지명"}},{"type":"Feature","geometry":{"type":"Point","coordinates":[124.900202826913,39.6273419178841]},"properties":{"id":80357,"name":"홍건도","category":"환경>지질/지형>지형>주요 도서(섬)"}},{"type":"Feature","geometry":{"type":"Point","coordinates":[124.262042051161,39.8741871796961]},"properties":{"id":81494,"name":"황금평","category":"환경>지질/지형>지형>주요 도서(섬)"}},{"type":"Feature","geometry":{"type":"Point","coordinates":[124.319776544939,39.9625041393413]},"properties":{"id":81608,"name":"황금평리","category":"사회>지명>행정구역(지명)>동읍리"}},{"type":"Feature","geometry":{"type":"Point","coordinates":[124.516251751719,39.912631709134]},"properties":{"id":81928,"name":"내중리","category":"사회>지명>행정구역(지명)>동읍리"}},{"type":"Feature","geometry":{"type":"Point","coordinates":[124.54979572608,39.850396802375]},"properties":{"id":83042,"name":"학소리","category":"사회>지명>행정구역(지명)>동읍리"}},{"type":"Feature","geometry":{"type":"Point","coordinates":[125.898213831059,40.1050781773286]},"properties":{"id":83162,"name":"운산공구공장","category":"산업/경제>경공업/IT>기타"}},{"type":"Feature","geometry":{"type":"Point","coordinates":[125.669751496488,40.2037791163865]},"properties":{"id":84236,"name":"흥부리","category":"사회>지명>인문지명(자연지명)>옛지명"}},{"type":"Feature","geometry":{"type":"Point","coordinates":[125.685071280107,40.2377399162441]},"properties":{"id":84679,"name":"온성","category":"사회>지명>인문지명(자연지명)>마을(골)>기타"}},{"type":"Feature","geometry":{"type":"Point","coordinates":[125.412650367411,39.64775062459]},"properties":{"id":86598,"name":"대성","category":"사회>지명>인문지명(자연지명)>마을(골)>기타"}},{"type":"Feature","geometry":{"type":"Point","coordinates":[125.2490079543,40.0401486806775]},"properties":{"id":87122,"name":"파주","category":"사회>지명>인문지명(자연지명)>옛지명"}},{"type":"Feature","geometry":{"type":"Point","coordinates":[124.713205038303,40.2243497536002]},"properties":{"id":87151,"name":"덕현광산","category":"산업/경제>광업>광산>금속>철"}},{"type":"Feature","geometry":{"type":"Point","coordinates":[124.529471627447,40.2040307115522]},"properties":{"id":87169,"name":"통군정","category":"문화/예술>문화재>유적>건물"}},{"type":"Feature","geometry":{"type":"Point","coordinates":[124.49958895947,40.1839408267399]},"properties":{"id":87937,"name":"서호리","category":"사회>지명>행정구역(지명)>동읍리"}},{"type":"Feature","geometry":{"type":"Point","coordinates":[125.209931245129,40.4522591597967]},"properties":{"id":88558,"name":"창성식료공장","category":"산업/경제>경공업/IT>식료품공업"}},{"type":"Feature","geometry":{"type":"Point","coordinates":[125.21976306694,40.4516376742059]},"properties":{"id":88562,"name":"창성혁명사적관","category":"문화/예술>문화>기타"}},{"type":"Feature","geometry":{"type":"Point","coordinates":[124.659188421818,39.7148469574405]},"properties":{"id":92003,"name":"대계도","category":"환경>지질/지형>지형>주요 도서(섬)"}},{"type":"Feature","geometry":{"type":"Point","coordinates":[124.726483281058,39.6892807262221]},"properties":{"id":92354,"name":"동창리","category":"사회>지명>행정구역(지명)>동읍리"}},{"type":"Feature","geometry":{"type":"Point","coordinates":[125.546050445182,39.9532006549598]},"properties":{"id":93502,"name":"구성","category":"사회>지명>인문지명(자연지명)>마을(골)>기타"}},{"type":"Feature","geometry":{"type":"Point","coordinates":[124.563943246209,40.0787571481128]},"properties":{"id":95497,"name":"백마리","category":"사회>지명>인문지명(자연지명)>옛지명"}},{"type":"Feature","geometry":{"type":"Point","coordinates":[124.78788236626,40.0135155601699]},"properties":{"id":96234,"name":"용유리","category":"문화/예술>문화재>유적>터"}},{"type":"Feature","geometry":{"type":"Point","coordinates":[126.179786778272,40.0324311267596]},"properties":{"id":97070,"name":"묘향산의료기구공장","category":"사회>보건>의료>의약품(개발,생산)"}},{"type":"Feature","geometry":{"type":"Point","coordinates":[126.169832637307,40.035169375963]},"properties":{"id":97072,"name":"청천여관","category":"산업/경제>서비스업>숙박/요식>여관"}},{"type":"Feature","geometry":{"type":"Point","coordinates":[125.940369047515,39.9822494786711]},"properties":{"id":97074,"name":"향산호텔","category":"산업/경제>서비스업>숙박/요식>호텔"}},{"type":"Feature","geometry":{"type":"Point","coordinates":[126.234534358809,40.0092951176623]},"properties":{"id":97075,"name":"묘향산역사박물관","category":"문화/예술>문화>전시관>박물관"}},{"type":"Feature","geometry":{"type":"Point","coordinates":[126.235363957851,40.0090729540327]},"properties":{"id":97084,"name":"보현사","category":"문화/예술>종교>불교"}},{"type":"Feature","geometry":{"type":"Point","coordinates":[126.247620127443,40.0254424280464]},"properties":{"id":97094,"name":"상원암","category":"문화/예술>종교>불교"}},{"type":"Feature","geometry":{"type":"Point","coordinates":[126.228098994414,40.0081765204896]},"properties":{"id":98620,"name":"국제친선전람관","category":"문화/예술>문화>전시관>박물관"}},{"type":"Feature","geometry":{"type":"Point","coordinates":[125.902453122149,40.1149296655979]},"properties":{"id":98639,"name":"운산온천","category":"환경>지질/지형>지형>기타"}},{"type":"Feature","geometry":{"type":"Point","coordinates":[126.514748816597,40.7877997384879]},"properties":{"id":98711,"name":"자강도","category":"사회>지명>행정구역(지명)>광역(직할시, 도, 특급시)"}},{"type":"Feature","geometry":{"type":"Point","coordinates":[126.57069759547,40.9647679360317]},"properties":{"id":98712,"name":"강계시","category":"사회>지명>행정구역(지명)>시/군"}},{"type":"Feature","geometry":{"type":"Point","coordinates":[126.37053750623,41.1687936173595]},"properties":{"id":98728,"name":"만포시","category":"사회>지명>행정구역(지명)>시/군"}},{"type":"Feature","geometry":{"type":"Point","coordinates":[126.26018903584,40.1607838584342]},"properties":{"id":98737,"name":"희천시","category":"사회>지명>행정구역(지명)>시/군"}},{"type":"Feature","geometry":{"type":"Point","coordinates":[125.922118375003,40.5625033092538]},"properties":{"id":98740,"name":"고풍군","category":"사회>지명>행정구역(지명)>시/군"}},{"type":"Feature","geometry":{"type":"Point","coordinates":[126.564652697744,40.2821035358062]},"properties":{"id":98748,"name":"동신군","category":"사회>지명>행정구역(지명)>시/군"}},{"type":"Feature","geometry":{"type":"Point","coordinates":[127.181525562488,40.8874803631226]},"properties":{"id":98749,"name":"낭림군","category":"사회>지명>행정구역(지명)>시/군"}},{"type":"Feature","geometry":{"type":"Point","coordinates":[126.792840212597,40.5320090545809]},"properties":{"id":98750,"name":"용림군","category":"사회>지명>행정구역(지명)>시/군"}},{"type":"Feature","geometry":{"type":"Point","coordinates":[126.685321203249,40.7856925104264]},"properties":{"id":98751,"name":"성간군","category":"사회>지명>행정구역(지명)>시/군"}},{"type":"Feature","geometry":{"type":"Point","coordinates":[125.964245597448,40.36479502832]},"properties":{"id":98754,"name":"송원군","category":"사회>지명>행정구역(지명)>시/군"}},{"type":"Feature","geometry":{"type":"Point","coordinates":[126.376409228162,41.0238727470621]},"properties":{"id":98757,"name":"시중군","category":"사회>지명>행정구역(지명)>시/군"}},{"type":"Feature","geometry":{"type":"Point","coordinates":[125.63574797024,40.5995180385738]},"properties":{"id":98758,"name":"우시군","category":"사회>지명>행정구역(지명)>시/군"}},{"type":"Feature","geometry":{"type":"Point","coordinates":[126.183861328116,40.7955913291884]},"properties":{"id":98761,"name":"위원군","category":"사회>지명>행정구역(지명)>시/군"}},{"type":"Feature","geometry":{"type":"Point","coordinates":[126.668264703213,41.4434656192975]},"properties":{"id":98767,"name":"자성군","category":"사회>지명>행정구역(지명)>시/군"}},{"type":"Feature","geometry":{"type":"Point","coordinates":[126.735581311947,41.0619172312469]},"properties":{"id":98769,"name":"장강군","category":"사회>지명>행정구역(지명)>시/군"}},{"type":"Feature","geometry":{"type":"Point","coordinates":[126.379255990968,40.5575735575691]},"properties":{"id":98770,"name":"전천군","category":"사회>지명>행정구역(지명)>시/군"}},{"type":"Feature","geometry":{"type":"Point","coordinates":[126.882169188199,41.6560044377252]},"properties":{"id":98773,"name":"중강군","category":"사회>지명>행정구역(지명)>시/군"}},{"type":"Feature","geometry":{"type":"Point","coordinates":[125.839561820081,40.7713814923864]},"properties":{"id":98774,"name":"초산군","category":"사회>지명>행정구역(지명)>시/군"}},{"type":"Feature","geometry":{"type":"Point","coordinates":[126.926319056582,41.2463696157696]},"properties":{"id":98783,"name":"화평군","category":"사회>지명>행정구역(지명)>시/군"}},{"type":"Feature","geometry":{"type":"Point","coordinates":[126.635438733607,41.0140712554811]},"properties":{"id":98835,"name":"북천","category":"환경>수문>주요 강"}},{"type":"Feature","geometry":{"type":"Point","coordinates":[126.663142556349,41.4443860155769]},"properties":{"id":98851,"name":"운봉호","category":"환경>수문>기타"}},{"type":"Feature","geometry":{"type":"Point","coordinates":[125.248947428048,40.0388509875743]},"properties":{"id":98852,"name":"운전벌","category":"환경>지질/지형>지형>평지"}},{"type":"Feature","geometry":{"type":"Point","coordinates":[126.960279446417,41.1665382143447]},"properties":{"id":98856,"name":"자성강","category":"환경>수문>주요 강"}},{"type":"Feature","geometry":{"type":"Point","coordinates":[126.596359828465,40.5572368515923]},"properties":{"id":98857,"name":"장자강","category":"환경>수문>주요 강"}},{"type":"Feature","geometry":{"type":"Point","coordinates":[126.661719752596,40.9297204954631]},"properties":{"id":99066,"name":"강계연필공장","category":"산업/경제>경공업/IT>잡업(잡화)"}},{"type":"Feature","geometry":{"type":"Point","coordinates":[126.627295966209,40.8920505920224]},"properties":{"id":99067,"name":"강계포도술공장","category":"산업/경제>경공업/IT>식료품공업"}},{"type":"Feature","geometry":{"type":"Point","coordinates":[126.604137725628,40.9733523400835]},"properties":{"id":99073,"name":"강계우편국","category":"산업/경제>서비스업>기타"}},{"type":"Feature","geometry":{"type":"Point","coordinates":[126.601901149947,40.9516980343811]},"properties":{"id":99079,"name":"배움의천리길학생소년궁전","category":"사회>교육/연구>교육기관>기타>소년궁전"}},{"type":"Feature","geometry":{"type":"Point","coordinates":[126.589864805413,40.9726356629553]},"properties":{"id":99080,"name":"자강도김일성동지혁명사적관","category":"문화/예술>문화>기타"}},{"type":"Feature","geometry":{"type":"Point","coordinates":[126.626842883393,40.9686729742612]},"properties":{"id":99082,"name":"자강도예술단","category":"문화/예술>예술>단체>예술단"}},{"type":"Feature","geometry":{"type":"Point","coordinates":[126.662861828959,41.0181797741316]},"properties":{"id":99084,"name":"장자산소년단야영소","category":"문화/예술>문화>야영지"}},{"type":"Feature","geometry":{"type":"Point","coordinates":[126.58769356987,40.9713654606497]},"properties":{"id":99090,"name":"인풍루","category":"문화/예술>문화재>유적>유적(일반)"}},{"type":"Feature","geometry":{"type":"Point","coordinates":[126.60983813057,40.9931510401887]},"properties":{"id":99437,"name":"연주동","category":"사회>지명>행정구역(지명)>동읍리"}},{"type":"Feature","geometry":{"type":"Point","coordinates":[126.663443128144,41.0130544802762]},"properties":{"id":99637,"name":"장자산","category":"환경>지질/지형>지형>주요 산지"}},{"type":"Feature","geometry":{"type":"Point","coordinates":[126.537094977149,40.9869466907178]},"properties":{"id":99684,"name":"흥주동","category":"사회>지명>행정구역(지명)>동읍리"}},{"type":"Feature","geometry":{"type":"Point","coordinates":[126.544220236933,40.9215208827341]},"properties":{"id":99910,"name":"해남","category":"사회>지명>인문지명(자연지명)>마을(골)>기타"}},{"type":"Feature","geometry":{"type":"Point","coordinates":[126.356936631959,41.1636002262439]},"properties":{"id":100050,"name":"만포고치농장","category":"산업/경제>농축수산업>농업>농업사업소"}},{"type":"Feature","geometry":{"type":"Point","coordinates":[126.291204688847,41.1801127519546]},"properties":{"id":100051,"name":"만포시멘트공장","category":"산업/경제>중화학공업>건재공업>시멘트"}},{"type":"Feature","geometry":{"type":"Point","coordinates":[126.249572939372,41.1439723819668]},"properties":{"id":100054,"name":"압록강다이야공장","category":"산업/경제>경공업/IT>잡업(잡화)"}},{"type":"Feature","geometry":{"type":"Point","coordinates":[126.207776870578,40.9924475111073]},"properties":{"id":100055,"name":"장자강발전소","category":"산업/경제>전력>발전소>수력발전소"}},{"type":"Feature","geometry":{"type":"Point","coordinates":[126.303399834677,41.1391703154984]},"properties":{"id":100395,"name":"샘물동","category":"사회>지명>행정구역(지명)>동읍리"}},{"type":"Feature","geometry":{"type":"Point","coordinates":[126.152432739173,40.9936442467136]},"properties":{"id":101838,"name":"연하리","category":"사회>지명>행정구역(지명)>동읍리"}},{"type":"Feature","geometry":{"type":"Point","coordinates":[126.25237038096,40.1619674333477]},"properties":{"id":102125,"name":"희천군","category":"사회>지명>인문지명(자연지명)>옛지명"}},{"type":"Feature","geometry":{"type":"Point","coordinates":[126.107738097595,40.2543898679368]},"properties":{"id":102153,"name":"희천공작기계공장","category":"산업/경제>중화학공업>기계공업>공작기계"}},{"type":"Feature","geometry":{"type":"Point","coordinates":[126.243059754932,40.1909755514928]},"properties":{"id":102154,"name":"희천공업대학","category":"사회>교육/연구>교육기관>고등교육>단과대학"}},{"type":"Feature","geometry":{"type":"Point","coordinates":[126.270027026848,40.1419158932862]},"properties":{"id":102163,"name":"영파루","category":"문화/예술>문화재>유적>유적(일반)"}},{"type":"Feature","geometry":{"type":"Point","coordinates":[126.332538624337,40.019356697329]},"properties":{"id":103526,"name":"비로봉","category":"환경>지질/지형>지형>주요 산지"}},{"type":"Feature","geometry":{"type":"Point","coordinates":[125.962456353209,40.4493214531372]},"properties":{"id":104580,"name":"백두산","category":"환경>지질/지형>지형>주요 산지"}},{"type":"Feature","geometry":{"type":"Point","coordinates":[127.110408300325,41.0963016422261]},"properties":{"id":107237,"name":"가릉령","category":"환경>지질/지형>지형>주요 산지"}},{"type":"Feature","geometry":{"type":"Point","coordinates":[126.539543432905,40.5270980690333]},"properties":{"id":108176,"name":"용문산","category":"환경>지질/지형>지형>주요 산지"}},{"type":"Feature","geometry":{"type":"Point","coordinates":[126.580815645587,40.5488186538165]},"properties":{"id":109224,"name":"용림탄광","category":"산업/경제>광업>광산>석탄>갈탄"}},{"type":"Feature","geometry":{"type":"Point","coordinates":[126.989343355938,40.716456593721]},"properties":{"id":109651,"name":"대흥산","category":"환경>지질/지형>지형>주요 산지"}},{"type":"Feature","geometry":{"type":"Point","coordinates":[126.538537681384,40.7895499988342]},"properties":{"id":110061,"name":"성간산성","category":"문화/예술>문화재>유적>터"}},{"type":"Feature","geometry":{"type":"Point","coordinates":[126.551928332078,40.7965749036657]},"properties":{"id":110073,"name":"성간읍","category":"사회>지명>행정구역(지명)>동읍리"}},{"type":"Feature","geometry":{"type":"Point","coordinates":[126.49847963337,40.7263790760442]},"properties":{"id":110117,"name":"성하발전소","category":"산업/경제>전력>발전소>수력발전소"}},{"type":"Feature","geometry":{"type":"Point","coordinates":[126.598843550029,40.8873915521811]},"properties":{"id":110935,"name":"구봉령","category":"환경>지질/지형>지형>주요 산지"}},{"type":"Feature","geometry":{"type":"Point","coordinates":[125.826248087263,40.2628285929445]},"properties":{"id":111450,"name":"광대봉","category":"환경>지질/지형>지형>주요 산지"}},{"type":"Feature","geometry":{"type":"Point","coordinates":[125.962863420677,40.3812847596502]},"properties":{"id":111609,"name":"송관리","category":"사회>지명>행정구역(지명)>동읍리"}},{"type":"Feature","geometry":{"type":"Point","coordinates":[126.377159691236,41.0237237280306]},"properties":{"id":112901,"name":"문암","category":"사회>지명>인문지명(자연지명)>옛지명"}},{"type":"Feature","geometry":{"type":"Point","coordinates":[125.972486265519,40.9005722266823]},"properties":{"id":116951,"name":"위원발전소","category":"산업/경제>전력>발전소>수력발전소"}},{"type":"Feature","geometry":{"type":"Point","coordinates":[126.16472423371,40.9480018634897]},"properties":{"id":117435,"name":"고보리","category":"사회>지명>행정구역(지명)>동읍리"}},{"type":"Feature","geometry":{"type":"Point","coordinates":[126.166868452181,40.8907744697344]},"properties":{"id":118293,"name":"용탄리","category":"사회>지명>행정구역(지명)>동읍리"}},{"type":"Feature","geometry":{"type":"Point","coordinates":[126.515938553905,41.3816555899123]},"properties":{"id":119659,"name":"운봉발전소","category":"산업/경제>전력>발전소>수력발전소"}},{"type":"Feature","geometry":{"type":"Point","coordinates":[126.715901830107,41.408989652894]},"properties":{"id":120176,"name":"귀인리","category":"사회>지명>행정구역(지명)>동읍리"}},{"type":"Feature","geometry":{"type":"Point","coordinates":[126.693904334065,41.4879522994659]},"properties":{"id":121570,"name":"호례리","category":"사회>지명>행정구역(지명)>동읍리"}},{"type":"Feature","geometry":{"type":"Point","coordinates":[126.713775509757,40.9962858965939]},"properties":{"id":121705,"name":"강계청년발전소","category":"산업/경제>전력>발전소>수력발전소"}},{"type":"Feature","geometry":{"type":"Point","coordinates":[126.673030910223,41.0542269235077]},"properties":{"id":121716,"name":"장강읍","category":"사회>지명>행정구역(지명)>동읍리"}},{"type":"Feature","geometry":{"type":"Point","coordinates":[126.675512744331,41.0778338940929]},"properties":{"id":122217,"name":"무덕리","category":"사회>지명>행정구역(지명)>동읍리"}},{"type":"Feature","geometry":{"type":"Point","coordinates":[126.675804937077,40.9888774960656]},"properties":{"id":123014,"name":"향하혁명사적지","category":"문화/예술>문화재>유적>유물산포지(유물산분포지역)"}},{"type":"Feature","geometry":{"type":"Point","coordinates":[126.474236151245,40.6079224152114]},"properties":{"id":123154,"name":"전천성냥공장","category":"산업/경제>경공업/IT>잡업(잡화)"}},{"type":"Feature","geometry":{"type":"Point","coordinates":[126.47984222348,40.6085489202096]},"properties":{"id":123156,"name":"전천착암기공장","category":"산업/경제>중화학공업>기계공업>건설기계"}},{"type":"Feature","geometry":{"type":"Point","coordinates":[126.467100627351,40.6174758817537]},"properties":{"id":123157,"name":"전천탄광","category":"산업/경제>광업>광산>석탄>무연탄"}},{"type":"Feature","geometry":{"type":"Point","coordinates":[126.471534108989,40.6176604040065]},"properties":{"id":123171,"name":"전천읍","category":"사회>지명>행정구역(지명)>동읍리"}},{"type":"Feature","geometry":{"type":"Point","coordinates":[126.496689779712,40.5527488999152]},"properties":{"id":124495,"name":"창평리","category":"사회>지명>행정구역(지명)>동읍리"}},{"type":"Feature","geometry":{"type":"Point","coordinates":[126.885468256637,41.6573763199494]},"properties":{"id":124866,"name":"중강벌","category":"환경>지질/지형>지형>평지"}},{"type":"Feature","geometry":{"type":"Point","coordinates":[126.891883003318,41.7357826621823]},"properties":{"id":124867,"name":"중강천","category":"환경>수문>주요 강"}},{"type":"Feature","geometry":{"type":"Point","coordinates":[126.904273871076,41.766591411228]},"properties":{"id":125372,"name":"오덕산","category":"환경>지질/지형>지형>주요 산지"}},{"type":"Feature","geometry":{"type":"Point","coordinates":[125.808207714247,40.8318662354397]},"properties":{"id":125960,"name":"영호정","category":"문화/예술>문화재>유적>유적(일반)"}},{"type":"Feature","geometry":{"type":"Point","coordinates":[125.986578308182,40.725372499642]},"properties":{"id":126916,"name":"송묘리","category":"문화/예술>문화재>유적>터"}},{"type":"Feature","geometry":{"type":"Point","coordinates":[127.037786960694,41.3455744592721]},"properties":{"id":128715,"name":"오가산","category":"환경>지질/지형>지형>주요 산지"}},{"type":"Feature","geometry":{"type":"Point","coordinates":[126.892192299437,41.4437213265932]},"properties":{"id":128718,"name":"오가산원시림","category":"환경>지질/지형>지형>주요 산지"}},{"type":"Feature","geometry":{"type":"Point","coordinates":[125.544134050292,38.1867839728817]},"properties":{"id":130346,"name":"황해남도","category":"사회>지명>행정구역(지명)>광역(직할시, 도, 특급시)"}},{"type":"Feature","geometry":{"type":"Point","coordinates":[125.259155313227,38.4978761670637]},"properties":{"id":130347,"name":"구월산","category":"환경>지질/지형>지형>주요 산지"}},{"type":"Feature","geometry":{"type":"Point","coordinates":[125.742121780061,38.0605137803982]},"properties":{"id":130348,"name":"해주시","category":"사회>지명>행정구역(지명)>시/군"}},{"type":"Feature","geometry":{"type":"Point","coordinates":[125.521072088763,37.8595547820873]},"properties":{"id":130368,"name":"강령군","category":"사회>지명>행정구역(지명)>시/군"}},{"type":"Feature","geometry":{"type":"Point","coordinates":[125.02116004566,38.4426178981386]},"properties":{"id":130373,"name":"과일군","category":"사회>지명>행정구역(지명)>시/군"}},{"type":"Feature","geometry":{"type":"Point","coordinates":[124.957149527229,38.1480156601994]},"properties":{"id":130375,"name":"용연군","category":"사회>지명>행정구역(지명)>시/군"}},{"type":"Feature","geometry":{"type":"Point","coordinates":[126.288335002056,37.9681538966125]},"properties":{"id":130387,"name":"배천군","category":"사회>지명>행정구역(지명)>시/군"}},{"type":"Feature","geometry":{"type":"Point","coordinates":[125.49544484995,38.0907601787719]},"properties":{"id":130406,"name":"벽성군","category":"사회>지명>행정구역(지명)>시/군"}},{"type":"Feature","geometry":{"type":"Point","coordinates":[126.208994345094,38.1462053364537]},"properties":{"id":130408,"name":"봉천군","category":"사회>지명>행정구역(지명)>시/군"}},{"type":"Feature","geometry":{"type":"Point","coordinates":[125.295930697736,38.3344425491391]},"properties":{"id":130410,"name":"삼천군","category":"사회>지명>행정구역(지명)>시/군"}},{"type":"Feature","geometry":{"type":"Point","coordinates":[125.15589818389,38.3686797095811]},"properties":{"id":130412,"name":"송화군","category":"사회>지명>행정구역(지명)>시/군"}},{"type":"Feature","geometry":{"type":"Point","coordinates":[125.765199421032,38.1886346561821]},"properties":{"id":130417,"name":"신원군","category":"사회>지명>행정구역(지명)>시/군"}},{"type":"Feature","geometry":{"type":"Point","coordinates":[126.709593339004,38.7574991303041]},"properties":{"id":130423,"name":"곡산군","category":"사회>지명>인문지명(자연지명)>옛지명"}},{"type":"Feature","geometry":{"type":"Point","coordinates":[125.969385454197,38.4879379665534]},"properties":{"id":130436,"name":"봉산군","category":"사회>지명>인문지명(자연지명)>옛지명"}},{"type":"Feature","geometry":{"type":"Point","coordinates":[126.229577664923,38.479628538016]},"properties":{"id":130439,"name":"서흥군","category":"사회>지명>인문지명(자연지명)>옛지명"}},{"type":"Feature","geometry":{"type":"Point","coordinates":[126.413146357529,38.6987051258223]},"properties":{"id":130442,"name":"수안군","category":"사회>지명>인문지명(자연지명)>옛지명"}},{"type":"Feature","geometry":{"type":"Point","coordinates":[125.760298604028,38.7150207010078]},"properties":{"id":130473,"name":"황주군","category":"사회>지명>인문지명(자연지명)>옛지명"}},{"type":"Feature","geometry":{"type":"Point","coordinates":[126.449480869534,37.9080854412465]},"properties":{"id":130491,"name":"예성강","category":"환경>수문>주요 강"}},{"type":"Feature","geometry":{"type":"Point","coordinates":[125.549099828785,38.1907640680884]},"properties":{"id":130514,"name":"연백벌","category":"환경>지질/지형>지형>평지"}},{"type":"Feature","geometry":{"type":"Point","coordinates":[125.563006482521,38.6800967427503]},"properties":{"id":130523,"name":"장수산","category":"환경>지질/지형>지형>주요 산지"}},{"type":"Feature","geometry":{"type":"Point","coordinates":[125.741215520193,38.4433497580057]},"properties":{"id":130526,"name":"재령강","category":"환경>수문>주요 강"}},{"type":"Feature","geometry":{"type":"Point","coordinates":[125.65811473221,38.4276113958542]},"properties":{"id":130528,"name":"재령벌","category":"환경>지질/지형>지형>평지"}},{"type":"Feature","geometry":{"type":"Point","coordinates":[125.782184672297,38.0768029084515]},"properties":{"id":130537,"name":"해주만","category":"환경>수문>기타"}},{"type":"Feature","geometry":{"type":"Point","coordinates":[125.513571367113,37.8590549204052]},"properties":{"id":130708,"name":"강령반도","category":"환경>지질/지형>지형>기타"}},{"type":"Feature","geometry":{"type":"Point","coordinates":[125.704395544861,38.1051264348091]},"properties":{"id":130736,"name":"수양산","category":"환경>지질/지형>지형>주요 산지"}},{"type":"Feature","geometry":{"type":"Point","coordinates":[125.741440175715,38.0378593744071]},"properties":{"id":130761,"name":"해주연결농기계공장","category":"산업/경제>중화학공업>기계공업>농기계"}},{"type":"Feature","geometry":{"type":"Point","coordinates":[125.705046697568,38.0111220615329]},"properties":{"id":130764,"name":"해주제련소","category":"산업/경제>중화학공업>금속공업>철강공업"}},{"type":"Feature","geometry":{"type":"Point","coordinates":[125.727501481455,38.0343061868934]},"properties":{"id":130765,"name":"해주청년역","category":"산업/경제>철도/지하철>철도>철도역"}},{"type":"Feature","geometry":{"type":"Point","coordinates":[125.700370227806,37.9951498820578]},"properties":{"id":130767,"name":"해주항","category":"산업/경제>항만"}},{"type":"Feature","geometry":{"type":"Point","coordinates":[125.726936875667,38.0393819143231]},"properties":{"id":130776,"name":"해주의학대학","category":"사회>교육/연구>교육기관>고등교육>단과대학"}},{"type":"Feature","geometry":{"type":"Point","coordinates":[125.68780849389,38.0402643923248]},"properties":{"id":130778,"name":"해주제2사범대학","category":"사회>교육/연구>교육기관>고등교육>단과대학"}},{"type":"Feature","geometry":{"type":"Point","coordinates":[125.741328820089,38.0602440392173]},"properties":{"id":130779,"name":"해주중심광장","category":"사회>지명>기타"}},{"type":"Feature","geometry":{"type":"Point","coordinates":[125.820993158971,38.0086974758573]},"properties":{"id":131395,"name":"장방리","category":"사회>지명>행정구역(지명)>동읍리"}},{"type":"Feature","geometry":{"type":"Point","coordinates":[125.240110511988,37.7105735435818]},"properties":{"id":131484,"name":"구월봉","category":"환경>지질/지형>지형>주요 산지"}},{"type":"Feature","geometry":{"type":"Point","coordinates":[125.624512306452,37.7856388055634]},"properties":{"id":131510,"name":"부포바다가양식사업소","category":"산업/경제>농축수산업>수산업>양어장"}},{"type":"Feature","geometry":{"type":"Point","coordinates":[125.507311979965,37.907032400883]},"properties":{"id":131527,"name":"강령읍","category":"사회>지명>행정구역(지명)>동읍리"}},{"type":"Feature","geometry":{"type":"Point","coordinates":[125.653280540766,37.7157764776507]},"properties":{"id":131580,"name":"갈리도","category":"환경>지질/지형>지형>주요 도서(섬)"}},{"type":"Feature","geometry":{"type":"Point","coordinates":[125.649477983111,37.7365960725361]},"properties":{"id":131653,"name":"장재도","category":"환경>지질/지형>지형>주요 도서(섬)"}},{"type":"Feature","geometry":{"type":"Point","coordinates":[125.522519952272,37.8615909249876]},"properties":{"id":131721,"name":"신강령","category":"사회>지명>인문지명(자연지명)>마을(골)>기타"}},{"type":"Feature","geometry":{"type":"Point","coordinates":[125.587684862185,37.9357822287461]},"properties":{"id":131910,"name":"내동리","category":"사회>지명>행정구역(지명)>동읍리"}},{"type":"Feature","geometry":{"type":"Point","coordinates":[125.517575428311,37.8582675940475]},"properties":{"id":131918,"name":"내동벌","category":"환경>지질/지형>지형>평지"}},{"type":"Feature","geometry":{"type":"Point","coordinates":[125.346355778634,37.7201394603252]},"properties":{"id":132194,"name":"봉강","category":"환경>수문>주요 하천"}},{"type":"Feature","geometry":{"type":"Point","coordinates":[125.586686008415,37.99136982847]},"properties":{"id":132306,"name":"봉오리","category":"사회>지명>행정구역(지명)>동읍리"}},{"type":"Feature","geometry":{"type":"Point","coordinates":[125.433742702311,37.761644748225]},"properties":{"id":132895,"name":"쌍교리","category":"사회>지명>행정구역(지명)>동읍리"}},{"type":"Feature","geometry":{"type":"Point","coordinates":[125.576116511071,37.7414481111523]},"properties":{"id":133110,"name":"무도","category":"환경>지질/지형>지형>주요 도서(섬)"}},{"type":"Feature","geometry":{"type":"Point","coordinates":[125.006935138039,38.4450967750458]},"properties":{"id":133201,"name":"풍천과일가공공장","category":"산업/경제>경공업/IT>식료품공업"}},{"type":"Feature","geometry":{"type":"Point","coordinates":[124.955293965334,38.4592217465345]},"properties":{"id":133203,"name":"용수포해수욕장","category":"문화/예술>관광>위락시설>유원지"}},{"type":"Feature","geometry":{"type":"Point","coordinates":[124.987356950157,38.469486993014]},"properties":{"id":133204,"name":"진강포해수욕장","category":"문화/예술>관광>위락시설>유원지"}},{"type":"Feature","geometry":{"type":"Point","coordinates":[124.953424929154,38.1425191545181]},"properties":{"id":134136,"name":"용연반도","category":"환경>지질/지형>지형>기타"}},{"type":"Feature","geometry":{"type":"Point","coordinates":[124.949885567932,38.1495734845845]},"properties":{"id":134153,"name":"용연군종합농장","category":"산업/경제>농축수산업>농업>농업사업소"}},{"type":"Feature","geometry":{"type":"Point","coordinates":[124.959320772428,38.1470535635559]},"properties":{"id":134163,"name":"구미포","category":"사회>지명>기타"}},{"type":"Feature","geometry":{"type":"Point","coordinates":[124.961601329288,38.1466698169536]},"properties":{"id":134164,"name":"몽금포","category":"사회>지명>기타"}},{"type":"Feature","geometry":{"type":"Point","coordinates":[124.778869389945,38.1835753436341]},"properties":{"id":134887,"name":"몽금포해수욕장","category":"문화/예술>관광>위락시설>유원지"}},{"type":"Feature","geometry":{"type":"Point","coordinates":[124.818629708208,38.0570388298885]},"properties":{"id":135279,"name":"월내도","category":"환경>지질/지형>지형>주요 도서(섬)"}},{"type":"Feature","geometry":{"type":"Point","coordinates":[126.227699963929,37.9118201438857]},"properties":{"id":135986,"name":"온정역","category":"산업/경제>철도/지하철>철도>철도역"}},{"type":"Feature","geometry":{"type":"Point","coordinates":[125.523389037441,38.0562174219685]},"properties":{"id":138890,"name":"장현리","category":"사회>지명>행정구역(지명)>동읍리"}},{"type":"Feature","geometry":{"type":"Point","coordinates":[126.270327736597,38.2345581574983]},"properties":{"id":139185,"name":"수동저수지","category":"환경>수문>저수지"}},{"type":"Feature","geometry":{"type":"Point","coordinates":[125.279909140784,38.4041851536469]},"properties":{"id":141228,"name":"달천온천","category":"환경>지질/지형>지형>기타"}},{"type":"Feature","geometry":{"type":"Point","coordinates":[125.18768384523,38.3632781572223]},"properties":{"id":142567,"name":"명례리","category":"사회>지명>행정구역(지명)>동읍리"}},{"type":"Feature","geometry":{"type":"Point","coordinates":[125.848805026924,38.2965143637984]},"properties":{"id":143542,"name":"대동교","category":"산업/경제>도로>다리"}},{"type":"Feature","geometry":{"type":"Point","coordinates":[125.493372457908,38.3137152821573]},"properties":{"id":144807,"name":"신천군","category":"사회>지명>행정구역(지명)>시/군"}},{"type":"Feature","geometry":{"type":"Point","coordinates":[125.477464734809,38.4949155092853]},"properties":{"id":144818,"name":"안악군","category":"사회>지명>행정구역(지명)>시/군"}},{"type":"Feature","geometry":{"type":"Point","coordinates":[126.100387304389,37.9085529717535]},"properties":{"id":144826,"name":"연안군","category":"사회>지명>행정구역(지명)>시/군"}},{"type":"Feature","geometry":{"type":"Point","coordinates":[125.243745462998,37.9415610777898]},"properties":{"id":144838,"name":"옹진군","category":"사회>지명>행정구역(지명)>시/군"}},{"type":"Feature","geometry":{"type":"Point","coordinates":[125.207504783445,38.5567886626278]},"properties":{"id":144843,"name":"은률군","category":"사회>지명>행정구역(지명)>시/군"}},{"type":"Feature","geometry":{"type":"Point","coordinates":[125.451113779492,38.6254302783049]},"properties":{"id":144850,"name":"은천군","category":"사회>지명>행정구역(지명)>시/군"}},{"type":"Feature","geometry":{"type":"Point","coordinates":[125.03566453869,38.2629755856222]},"properties":{"id":144854,"name":"장연군","category":"사회>지명>행정구역(지명)>시/군"}},{"type":"Feature","geometry":{"type":"Point","coordinates":[125.665691767927,38.364347284644]},"properties":{"id":144873,"name":"재령군","category":"사회>지명>행정구역(지명)>시/군"}},{"type":"Feature","geometry":{"type":"Point","coordinates":[125.294887325815,38.1304785734792]},"properties":{"id":144887,"name":"태탄군","category":"사회>지명>행정구역(지명)>시/군"}},{"type":"Feature","geometry":{"type":"Point","coordinates":[125.496599251065,38.3612674618376]},"properties":{"id":144973,"name":"신천기계공장","category":"산업/경제>중화학공업>기계공업>공작기계"}},{"type":"Feature","geometry":{"type":"Point","coordinates":[125.487696662859,38.3545759764589]},"properties":{"id":144978,"name":"신천박물관","category":"문화/예술>문화>전시관>박물관"}},{"type":"Feature","geometry":{"type":"Point","coordinates":[125.487484677725,38.3538133511143]},"properties":{"id":145038,"name":"해방탑","category":"문화/예술>문화재>유적>탑과부도"}},{"type":"Feature","geometry":{"type":"Point","coordinates":[125.504356680453,38.335333062051]},"properties":{"id":146134,"name":"새길리","category":"사회>지명>행정구역(지명)>동읍리"}},{"type":"Feature","geometry":{"type":"Point","coordinates":[125.543075780294,38.3952691086847]},"properties":{"id":146189,"name":"새날리","category":"사회>지명>행정구역(지명)>동읍리"}},{"type":"Feature","geometry":{"type":"Point","coordinates":[125.514976630579,38.2059713177242]},"properties":{"id":146226,"name":"왕재산","category":"환경>지질/지형>지형>주요 산지"}},{"type":"Feature","geometry":{"type":"Point","coordinates":[125.301762767378,38.470845250711]},"properties":{"id":147251,"name":"삼성사","category":"문화/예술>문화재>유적>건물"}},{"type":"Feature","geometry":{"type":"Point","coordinates":[125.50810125371,38.4489961982541]},"properties":{"id":147256,"name":"안악3호무덤","category":"문화/예술>문화재>유적>능묘"}},{"type":"Feature","geometry":{"type":"Point","coordinates":[125.299126296336,38.4561231479194]},"properties":{"id":147262,"name":"월정사","category":"문화/예술>종교>불교"}},{"type":"Feature","geometry":{"type":"Point","coordinates":[125.498652202427,38.4543114641195]},"properties":{"id":148214,"name":"오국리","category":"사회>지명>행정구역(지명)>동읍리"}},{"type":"Feature","geometry":{"type":"Point","coordinates":[125.39179647193,38.4734904192496]},"properties":{"id":148585,"name":"월지리","category":"사회>지명>행정구역(지명)>동읍리"}},{"type":"Feature","geometry":{"type":"Point","coordinates":[125.390269815324,38.4715507936063]},"properties":{"id":148589,"name":"강평","category":"사회>지명>인문지명(자연지명)>옛지명"}},{"type":"Feature","geometry":{"type":"Point","coordinates":[126.133281965627,37.7606913795149]},"properties":{"id":149081,"name":"연백제염소","category":"산업/경제>농축수산업>수산업>염전"}},{"type":"Feature","geometry":{"type":"Point","coordinates":[126.087295812662,37.9590343708853]},"properties":{"id":149678,"name":"소아리","category":"사회>지명>행정구역(지명)>동읍리"}},{"type":"Feature","geometry":{"type":"Point","coordinates":[126.093154533119,37.963764399965]},"properties":{"id":149750,"name":"소정리","category":"사회>지명>행정구역(지명)>동읍리"}},{"type":"Feature","geometry":{"type":"Point","coordinates":[126.110267946127,37.8014694929546]},"properties":{"id":149898,"name":"신포","category":"사회>지명>인문지명(자연지명)>옛지명"}},{"type":"Feature","geometry":{"type":"Point","coordinates":[126.001658156169,37.9338832223682]},"properties":{"id":150353,"name":"천태리","category":"사회>지명>행정구역(지명)>동읍리"}},{"type":"Feature","geometry":{"type":"Point","coordinates":[126.12017768455,37.9739219425469]},"properties":{"id":150573,"name":"해월리","category":"사회>지명>행정구역(지명)>동읍리"}},{"type":"Feature","geometry":{"type":"Point","coordinates":[126.07826551083,37.8076546703919]},"properties":{"id":150762,"name":"화양리","category":"사회>지명>행정구역(지명)>동읍리"}},{"type":"Feature","geometry":{"type":"Point","coordinates":[125.063260105607,37.9001894572505]},"properties":{"id":150865,"name":"옹진바다가양식사업소","category":"산업/경제>농축수산업>수산업>양어장"}},{"type":"Feature","geometry":{"type":"Point","coordinates":[125.022110424754,37.8207633962952]},"properties":{"id":151143,"name":"기린도","category":"환경>지질/지형>지형>주요 도서(섬)"}},{"type":"Feature","geometry":{"type":"Point","coordinates":[125.251033406986,37.9436244754997]},"properties":{"id":151776,"name":"단천","category":"사회>지명>인문지명(자연지명)>마을(골)>기타"}},{"type":"Feature","geometry":{"type":"Point","coordinates":[125.243564478632,37.9477290868264]},"properties":{"id":152008,"name":"마합도","category":"환경>지질/지형>지형>주요 도서(섬)"}},{"type":"Feature","geometry":{"type":"Point","coordinates":[125.246725835667,38.0262301257092]},"properties":{"id":152036,"name":"진해리","category":"사회>지명>행정구역(지명)>동읍리"}},{"type":"Feature","geometry":{"type":"Point","coordinates":[125.236857888101,37.9418003586535]},"properties":{"id":152070,"name":"사리원","category":"사회>지명>인문지명(자연지명)>마을(골)>기타"}},{"type":"Feature","geometry":{"type":"Point","coordinates":[125.226823087098,38.5589316224661]},"properties":{"id":152207,"name":"금산포","category":"환경>수문>주요 하천"}},{"type":"Feature","geometry":{"type":"Point","coordinates":[125.149700355219,38.5913971388788]},"properties":{"id":152229,"name":"은률광산","category":"산업/경제>광업>광산>금속>철"}},{"type":"Feature","geometry":{"type":"Point","coordinates":[125.206131901567,38.5200020994562]},"properties":{"id":153065,"name":"산승리","category":"사회>지명>행정구역(지명)>동읍리"}},{"type":"Feature","geometry":{"type":"Point","coordinates":[125.15888121889,38.5993312574665]},"properties":{"id":153863,"name":"철광역","category":"산업/경제>철도/지하철>철도>철도역"}},{"type":"Feature","geometry":{"type":"Point","coordinates":[125.452806645668,38.6268038207275]},"properties":{"id":154827,"name":"정동리","category":"사회>지명>행정구역(지명)>동읍리"}},{"type":"Feature","geometry":{"type":"Point","coordinates":[125.404139815581,38.6465132272625]},"properties":{"id":155042,"name":"평산","category":"환경>지질/지형>지형>주요 산지"}},{"type":"Feature","geometry":{"type":"Point","coordinates":[124.674592855965,37.9535447744701]},"properties":{"id":155292,"name":"백령도","category":"환경>지질/지형>지형>주요 도서(섬)"}},{"type":"Feature","geometry":{"type":"Point","coordinates":[125.662432307269,38.3686250493667]},"properties":{"id":156867,"name":"삼지강면","category":"사회>지명>인문지명(자연지명)>옛지명"}},{"type":"Feature","geometry":{"type":"Point","coordinates":[125.649072993437,38.5272632078217]},"properties":{"id":157142,"name":"김제원리","category":"사회>지명>행정구역(지명)>동읍리"}},{"type":"Feature","geometry":{"type":"Point","coordinates":[125.650418608562,38.5017896218065]},"properties":{"id":157581,"name":"북지리","category":"사회>지명>행정구역(지명)>동읍리"}},{"type":"Feature","geometry":{"type":"Point","coordinates":[125.679276309417,38.4116773207421]},"properties":{"id":157633,"name":"삼지강리","category":"사회>지명>행정구역(지명)>동읍리"}},{"type":"Feature","geometry":{"type":"Point","coordinates":[125.928504880206,37.9966040013567]},"properties":{"id":158837,"name":"평강","category":"사회>지명>인문지명(자연지명)>마을(골)>기타"}},{"type":"Feature","geometry":{"type":"Point","coordinates":[125.877050957966,37.9687042370736]},"properties":{"id":159438,"name":"화산리","category":"사회>지명>행정구역(지명)>동읍리"}},{"type":"Feature","geometry":{"type":"Point","coordinates":[126.330048920576,38.5429794004724]},"properties":{"id":160802,"name":"황해북도","category":"사회>지명>행정구역(지명)>광역(직할시, 도, 특급시)"}},{"type":"Feature","geometry":{"type":"Point","coordinates":[125.760774845763,38.5340232761122]},"properties":{"id":160829,"name":"사리원시","category":"사회>지명>행정구역(지명)>시/군"}},{"type":"Feature","geometry":{"type":"Point","coordinates":[125.635623287029,38.7629951582882]},"properties":{"id":160847,"name":"송림시","category":"사회>지명>행정구역(지명)>시/군"}},{"type":"Feature","geometry":{"type":"Point","coordinates":[126.704447393878,38.752738960388]},"properties":{"id":160849,"name":"곡산군","category":"사회>지명>행정구역(지명)>시/군"}},{"type":"Feature","geometry":{"type":"Point","coordinates":[126.516799249681,38.1930494734797]},"properties":{"id":160882,"name":"금천군","category":"사회>지명>행정구역(지명)>시/군"}},{"type":"Feature","geometry":{"type":"Point","coordinates":[126.07960972064,38.2830493109244]},"properties":{"id":160888,"name":"인산군","category":"사회>지명>행정구역(지명)>시/군"}},{"type":"Feature","geometry":{"type":"Point","coordinates":[125.96434569082,38.4893168071089]},"properties":{"id":160917,"name":"봉산군","category":"사회>지명>행정구역(지명)>시/군"}},{"type":"Feature","geometry":{"type":"Point","coordinates":[126.222426535781,38.4785633392318]},"properties":{"id":160932,"name":"서흥군","category":"사회>지명>행정구역(지명)>시/군"}},{"type":"Feature","geometry":{"type":"Point","coordinates":[126.406893545373,38.7000338032512]},"properties":{"id":160946,"name":"수안군","category":"사회>지명>행정구역(지명)>시/군"}},{"type":"Feature","geometry":{"type":"Point","coordinates":[126.554768906496,38.5129887366693]},"properties":{"id":160968,"name":"신계군","category":"사회>지명>행정구역(지명)>시/군"}},{"type":"Feature","geometry":{"type":"Point","coordinates":[126.745598409511,38.9808618032239]},"properties":{"id":160993,"name":"신평군","category":"사회>지명>행정구역(지명)>시/군"}},{"type":"Feature","geometry":{"type":"Point","coordinates":[126.307763128798,38.8788823346475]},"properties":{"id":161006,"name":"연산군","category":"사회>지명>행정구역(지명)>시/군"}},{"type":"Feature","geometry":{"type":"Point","coordinates":[126.033889376691,38.6526133254312]},"properties":{"id":161013,"name":"연탄군","category":"사회>지명>행정구역(지명)>시/군"}},{"type":"Feature","geometry":{"type":"Point","coordinates":[125.8462343035,38.3592251059078]},"properties":{"id":161023,"name":"은파군","category":"사회>지명>행정구역(지명)>시/군"}},{"type":"Feature","geometry":{"type":"Point","coordinates":[126.741544184489,38.296814882353]},"properties":{"id":161036,"name":"토산군","category":"사회>지명>행정구역(지명)>시/군"}},{"type":"Feature","geometry":{"type":"Point","coordinates":[126.394324532678,38.3238853513879]},"properties":{"id":161039,"name":"평산군","category":"사회>지명>행정구역(지명)>시/군"}},{"type":"Feature","geometry":{"type":"Point","coordinates":[125.765874909663,38.716349790113]},"properties":{"id":161051,"name":"황주군","category":"사회>지명>행정구역(지명)>시/군"}},{"type":"Feature","geometry":{"type":"Point","coordinates":[125.539778622736,38.1917024650267]},"properties":{"id":161073,"name":"황해도","category":"사회>지명>인문지명(자연지명)>옛지명"}},{"type":"Feature","geometry":{"type":"Point","coordinates":[126.363147031002,38.5635867839326]},"properties":{"id":161080,"name":"남강","category":"환경>수문>주요 강"}},{"type":"Feature","geometry":{"type":"Point","coordinates":[126.332252243945,38.5391454335926]},"properties":{"id":161099,"name":"미루벌","category":"환경>지질/지형>지형>평지"}},{"type":"Feature","geometry":{"type":"Point","coordinates":[126.221080878213,38.4839843479641]},"properties":{"id":161106,"name":"서흥호","category":"환경>수문>기타"}},{"type":"Feature","geometry":{"type":"Point","coordinates":[125.825850047831,38.5722445641327]},"properties":{"id":161138,"name":"경암산","category":"환경>지질/지형>지형>주요 산지"}},{"type":"Feature","geometry":{"type":"Point","coordinates":[125.769335312977,38.5521484380136]},"properties":{"id":161149,"name":"정방산","category":"환경>지질/지형>지형>주요 산지"}},{"type":"Feature","geometry":{"type":"Point","coordinates":[125.783451274728,38.5047825018062]},"properties":{"id":161157,"name":"사리원방직공장","category":"산업/경제>경공업/IT>섬유공업>방직공업"}},{"type":"Feature","geometry":{"type":"Point","coordinates":[125.756476934474,38.5048411770411]},"properties":{"id":161158,"name":"사리원백화점","category":"산업/경제>서비스업>유통(상업)>백화점"}},{"type":"Feature","geometry":{"type":"Point","coordinates":[125.702217770794,38.5884822623796]},"properties":{"id":161160,"name":"사리원타올수출품공장","category":"산업/경제>경공업/IT>잡업(잡화)"}},{"type":"Feature","geometry":{"type":"Point","coordinates":[125.764571570132,38.5008873724959]},"properties":{"id":161165,"name":"이계순사리원제1사범대학","category":"사회>교육/연구>교육기관>고등교육>단과대학"}},{"type":"Feature","geometry":{"type":"Point","coordinates":[125.766755108388,38.49902106038]},"properties":{"id":161168,"name":"사리원교원대학","category":"사회>교육/연구>교육기관>고등교육>단과대학"}},{"type":"Feature","geometry":{"type":"Point","coordinates":[125.757528853002,38.4966653654631]},"properties":{"id":161173,"name":"사리원청년경기장","category":"문화/예술>체육>체육시설>실외"}},{"type":"Feature","geometry":{"type":"Point","coordinates":[125.750960289799,38.5806989016713]},"properties":{"id":161180,"name":"성불사","category":"문화/예술>종교>불교"}},{"type":"Feature","geometry":{"type":"Point","coordinates":[125.745989200046,38.5736135629888]},"properties":{"id":161187,"name":"정방산유원지","category":"문화/예술>관광>위락시설>유원지"}},{"type":"Feature","geometry":{"type":"Point","coordinates":[125.72470561265,38.516688094926]},"properties":{"id":161231,"name":"길성포항","category":"산업/경제>항만"}},{"type":"Feature","geometry":{"type":"Point","coordinates":[125.732751187935,38.487754821427]},"properties":{"id":161506,"name":"미곡리","category":"사회>지명>행정구역(지명)>동읍리"}},{"type":"Feature","geometry":{"type":"Point","coordinates":[125.734809552529,38.4821200218697]},"properties":{"id":161512,"name":"미곡동","category":"사회>지명>인문지명(자연지명)>마을(골)>기타"}},{"type":"Feature","geometry":{"type":"Point","coordinates":[125.618473080158,38.7376839549642]},"properties":{"id":161724,"name":"송림항","category":"산업/경제>항만"}},{"type":"Feature","geometry":{"type":"Point","coordinates":[125.614913477711,38.7422461344109]},"properties":{"id":161725,"name":"황해제철연합기업소","category":"산업/경제>중화학공업>금속공업>철강공업"}},{"type":"Feature","geometry":{"type":"Point","coordinates":[125.637484998522,38.7685475206383]},"properties":{"id":161726,"name":"흑색금속설계사업소","category":"산업/경제>건설업>건축"}},{"type":"Feature","geometry":{"type":"Point","coordinates":[126.701804188533,38.7587520991782]},"properties":{"id":162072,"name":"신곡저수지","category":"환경>수문>저수지"}},{"type":"Feature","geometry":{"type":"Point","coordinates":[126.398907197329,38.0617954494642]},"properties":{"id":163619,"name":"강북리","category":"사회>지명>행정구역(지명)>동읍리"}},{"type":"Feature","geometry":{"type":"Point","coordinates":[126.45720232467,38.0784662135923]},"properties":{"id":163686,"name":"계정리","category":"사회>지명>행정구역(지명)>동읍리"}},{"type":"Feature","geometry":{"type":"Point","coordinates":[126.131832085714,38.3229638854321]},"properties":{"id":165744,"name":"양어리","category":"사회>지명>인문지명(자연지명)>옛지명"}},{"type":"Feature","geometry":{"type":"Point","coordinates":[125.982205237832,38.4920823136659]},"properties":{"id":165848,"name":"태성","category":"문화/예술>문화재>유적>터"}},{"type":"Feature","geometry":{"type":"Point","coordinates":[126.077316199073,38.4987605281416]},"properties":{"id":166953,"name":"은정리","category":"사회>지명>행정구역(지명)>동읍리"}},{"type":"Feature","geometry":{"type":"Point","coordinates":[126.235143605906,38.4219960176847]},"properties":{"id":167706,"name":"서흥영예군인제약공장","category":"사회>보건>의료>의약품(개발,생산)"}},{"type":"Feature","geometry":{"type":"Point","coordinates":[126.229535665022,38.4203082142391]},"properties":{"id":167717,"name":"서흥읍","category":"사회>지명>행정구역(지명)>동읍리"}},{"type":"Feature","geometry":{"type":"Point","coordinates":[126.125495857872,38.4513884377013]},"properties":{"id":168440,"name":"범안리","category":"사회>지명>행정구역(지명)>동읍리"}},{"type":"Feature","geometry":{"type":"Point","coordinates":[126.552227348395,38.6169766399939]},"properties":{"id":171280,"name":"해포저수지","category":"환경>수문>저수지"}},{"type":"Feature","geometry":{"type":"Point","coordinates":[126.553536529148,38.6169045982883]},"properties":{"id":171503,"name":"산북저수지","category":"환경>수문>저수지"}},{"type":"Feature","geometry":{"type":"Point","coordinates":[126.734733480642,38.8980002117668]},"properties":{"id":172798,"name":"신평읍","category":"사회>지명>행정구역(지명)>동읍리"}},{"type":"Feature","geometry":{"type":"Point","coordinates":[126.954261251319,38.9440349056647]},"properties":{"id":172890,"name":"만년광산","category":"산업/경제>광업>광산>비금속>중석"}},{"type":"Feature","geometry":{"type":"Point","coordinates":[126.450898192501,38.8760512181264]},"properties":{"id":174207,"name":"홀동광산","category":"산업/경제>광업>광산>금속>금"}},{"type":"Feature","geometry":{"type":"Point","coordinates":[126.035669388669,38.6530081686934]},"properties":{"id":175633,"name":"연탄호","category":"환경>수문>저수지"}},{"type":"Feature","geometry":{"type":"Point","coordinates":[125.982538563492,38.6232670512828]},"properties":{"id":175663,"name":"연탄읍","category":"사회>지명>행정구역(지명)>동읍리"}},{"type":"Feature","geometry":{"type":"Point","coordinates":[126.002177373859,38.6137361393141]},"properties":{"id":176226,"name":"송죽리","category":"사회>지명>행정구역(지명)>동읍리"}},{"type":"Feature","geometry":{"type":"Point","coordinates":[125.794597498167,38.4095942733528]},"properties":{"id":177060,"name":"은파읍","category":"사회>지명>행정구역(지명)>동읍리"}},{"type":"Feature","geometry":{"type":"Point","coordinates":[125.730473925543,38.4488245975517]},"properties":{"id":177309,"name":"강안리","category":"사회>지명>행정구역(지명)>동읍리"}},{"type":"Feature","geometry":{"type":"Point","coordinates":[125.799635349737,38.4232935288235]},"properties":{"id":177679,"name":"대청리","category":"사회>지명>행정구역(지명)>동읍리"}},{"type":"Feature","geometry":{"type":"Point","coordinates":[125.859140823549,38.717203999598]},"properties":{"id":181511,"name":"천주천","category":"환경>수문>주요 하천"}},{"type":"Feature","geometry":{"type":"Point","coordinates":[125.762003747424,38.7201461513253]},"properties":{"id":181514,"name":"황주긴등벌","category":"환경>지질/지형>지형>평지"}},{"type":"Feature","geometry":{"type":"Point","coordinates":[125.656354848993,38.8067732315008]},"properties":{"id":181520,"name":"계응상사리원농업대학분교","category":"사회>교육/연구>교육기관>고등교육>단과대학"}},{"type":"Feature","geometry":{"type":"Point","coordinates":[125.771909405639,38.6869912767002]},"properties":{"id":181576,"name":"외중리","category":"사회>지명>인문지명(자연지명)>옛지명"}},{"type":"Feature","geometry":{"type":"Point","coordinates":[125.846884712712,38.7906308851369]},"properties":{"id":181625,"name":"용당","category":"사회>지명>인문지명(자연지명)>마을(골)>기타"}},{"type":"Feature","geometry":{"type":"Point","coordinates":[125.696132874273,38.7989187450905]},"properties":{"id":181678,"name":"광천리","category":"사회>지명>행정구역(지명)>동읍리"}},{"type":"Feature","geometry":{"type":"Point","coordinates":[125.669811552087,38.6203297276308]},"properties":{"id":181738,"name":"구포리","category":"사회>지명>행정구역(지명)>동읍리"}},{"type":"Feature","geometry":{"type":"Point","coordinates":[125.801923358053,38.7736072120586]},"properties":{"id":181987,"name":"용천리","category":"사회>지명>행정구역(지명)>동읍리"}},{"type":"Feature","geometry":{"type":"Point","coordinates":[125.664813104846,38.6832795693206]},"properties":{"id":182081,"name":"신포","category":"환경>지질/지형>지형>평지"}},{"type":"Feature","geometry":{"type":"Point","coordinates":[125.677602516236,38.7510676867412]},"properties":{"id":183025,"name":"금성","category":"사회>지명>인문지명(자연지명)>마을(골)>기타"}},{"type":"Feature","geometry":{"type":"Point","coordinates":[127.464261438705,38.716080777347]},"properties":{"id":183288,"name":"강원도","category":"사회>지명>행정구역(지명)>광역(직할시, 도, 특급시)"}},{"type":"Feature","geometry":{"type":"Point","coordinates":[128.062788508327,38.620785552816]},"properties":{"id":183292,"name":"금강산지구","category":"환경>지질/지형>지형>주요 산지"}},{"type":"Feature","geometry":{"type":"Point","coordinates":[127.349456484378,39.134234633944]},"properties":{"id":183293,"name":"원산시","category":"사회>지명>행정구역(지명)>시/군"}},{"type":"Feature","geometry":{"type":"Point","coordinates":[127.305692152769,39.2761374588813]},"properties":{"id":183307,"name":"문천시","category":"사회>지명>행정구역(지명)>시/군"}},{"type":"Feature","geometry":{"type":"Point","coordinates":[127.409162456904,38.9016236892551]},"properties":{"id":183309,"name":"고산군","category":"사회>지명>행정구역(지명)>시/군"}},{"type":"Feature","geometry":{"type":"Point","coordinates":[128.171234073777,38.641672265464]},"properties":{"id":183322,"name":"고성군","category":"사회>지명>행정구역(지명)>시/군"}},{"type":"Feature","geometry":{"type":"Point","coordinates":[128.003178892211,38.5721558814264]},"properties":{"id":183325,"name":"금강군","category":"사회>지명>행정구역(지명)>시/군"}},{"type":"Feature","geometry":{"type":"Point","coordinates":[127.640070255706,38.4406084874327]},"properties":{"id":183326,"name":"김화군","category":"사회>지명>행정구역(지명)>시/군"}},{"type":"Feature","geometry":{"type":"Point","coordinates":[127.142857882256,38.9964206046286]},"properties":{"id":183327,"name":"법동군","category":"사회>지명>행정구역(지명)>시/군"}},{"type":"Feature","geometry":{"type":"Point","coordinates":[127.251182659282,38.6599248399031]},"properties":{"id":183328,"name":"세포군","category":"사회>지명>행정구역(지명)>시/군"}},{"type":"Feature","geometry":{"type":"Point","coordinates":[127.537190312595,39.0109664978835]},"properties":{"id":183329,"name":"안변군","category":"사회>지명>행정구역(지명)>시/군"}},{"type":"Feature","geometry":{"type":"Point","coordinates":[126.868933934202,38.500269750849]},"properties":{"id":183330,"name":"이천군","category":"사회>지명>행정구역(지명)>시/군"}},{"type":"Feature","geometry":{"type":"Point","coordinates":[127.815269983894,38.5337988167077]},"properties":{"id":183331,"name":"창도군","category":"사회>지명>행정구역(지명)>시/군"}},{"type":"Feature","geometry":{"type":"Point","coordinates":[127.184020663905,39.301843689037]},"properties":{"id":183332,"name":"천내군","category":"사회>지명>행정구역(지명)>시/군"}},{"type":"Feature","geometry":{"type":"Point","coordinates":[127.009535972655,38.3232336021847]},"properties":{"id":183333,"name":"철원군","category":"사회>지명>행정구역(지명)>시/군"}},{"type":"Feature","geometry":{"type":"Point","coordinates":[127.787230787528,38.9510567649958]},"properties":{"id":183334,"name":"통천군","category":"사회>지명>행정구역(지명)>시/군"}},{"type":"Feature","geometry":{"type":"Point","coordinates":[127.316102761901,38.4319038564423]},"properties":{"id":183336,"name":"평강군","category":"사회>지명>행정구역(지명)>시/군"}},{"type":"Feature","geometry":{"type":"Point","coordinates":[127.587654661406,38.7424467805026]},"properties":{"id":183337,"name":"회양군","category":"사회>지명>행정구역(지명)>시/군"}},{"type":"Feature","geometry":{"type":"Point","coordinates":[126.983131332138,38.106969209819]},"properties":{"id":183412,"name":"임진강","category":"환경>수문>주요 강"}},{"type":"Feature","geometry":{"type":"Point","coordinates":[127.750245792468,38.8086933282191]},"properties":{"id":183430,"name":"원산만","category":"환경>수문>기타"}},{"type":"Feature","geometry":{"type":"Point","coordinates":[127.722057190663,38.8221314605628]},"properties":{"id":183442,"name":"해금강","category":"환경>수문>주요 강"}},{"type":"Feature","geometry":{"type":"Point","coordinates":[127.284620284729,39.520730996446]},"properties":{"id":183444,"name":"호도반도","category":"환경>지질/지형>지형>주요 도서(섬)"}},{"type":"Feature","geometry":{"type":"Point","coordinates":[127.457331688579,38.7166305592507]},"properties":{"id":183485,"name":"내금강지역","category":"사회>지명>기타"}},{"type":"Feature","geometry":{"type":"Point","coordinates":[128.03144656747,38.682419825265]},"properties":{"id":183799,"name":"세존봉","category":"환경>지질/지형>지형>주요 산지"}},{"type":"Feature","geometry":{"type":"Point","coordinates":[128.098942122176,38.5028018461078]},"properties":{"id":183836,"name":"만물상","category":"환경>지질/지형>지형>주요 산지"}},{"type":"Feature","geometry":{"type":"Point","coordinates":[127.864776483242,38.6801334106618]},"properties":{"id":184012,"name":"바리봉","category":"환경>지질/지형>지형>주요 산지"}},{"type":"Feature","geometry":{"type":"Point","coordinates":[128.359289408622,38.6860829607624]},"properties":{"id":184100,"name":"해금강지역","category":"문화/예술>관광>명승지"}},{"type":"Feature","geometry":{"type":"Point","coordinates":[127.800716342959,38.9511770757562]},"properties":{"id":184107,"name":"천아포","category":"환경>수문>호수"}},{"type":"Feature","geometry":{"type":"Point","coordinates":[127.797642834761,40.2698255144131]},"properties":{"id":184241,"name":"금야만","category":"환경>수문>기타"}},{"type":"Feature","geometry":{"type":"Point","coordinates":[127.627434689757,39.2303330544784]},"properties":{"id":184246,"name":"여도","category":"환경>지질/지형>지형>주요 도서(섬)"}},{"type":"Feature","geometry":{"type":"Point","coordinates":[127.346762731966,39.183447454633]},"properties":{"id":184274,"name":"6.4차량종합기업소","category":"산업/경제>중화학공업>자동차공업"}},{"type":"Feature","geometry":{"type":"Point","coordinates":[127.330982930318,39.1584132131031]},"properties":{"id":184281,"name":"원산수출피복공장","category":"산업/경제>경공업/IT>섬유공업>피복공업"}},{"type":"Feature","geometry":{"type":"Point","coordinates":[127.448733656939,39.1484301615282]},"properties":{"id":184282,"name":"원산영예군인수지일용품공장","category":"산업/경제>경공업/IT>잡업(잡화)"}},{"type":"Feature","geometry":{"type":"Point","coordinates":[127.454737956444,39.1538119438957]},"properties":{"id":184284,"name":"원산조선소","category":"산업/경제>중화학공업>조선업>조선소"}},{"type":"Feature","geometry":{"type":"Point","coordinates":[127.460023930557,39.156790507849]},"properties":{"id":184287,"name":"원산항","category":"산업/경제>항만"}},{"type":"Feature","geometry":{"type":"Point","coordinates":[127.460703213868,39.1523931591493]},"properties":{"id":184288,"name":"원산화학공장","category":"산업/경제>중화학공업>화학공업>기타"}},{"type":"Feature","geometry":{"type":"Point","coordinates":[127.488754811224,39.1580536366328]},"properties":{"id":184292,"name":"동해수산연구소","category":"사회>교육/연구>연구기관>인문,사회"}},{"type":"Feature","geometry":{"type":"Point","coordinates":[127.408194241512,39.1876983890596]},"properties":{"id":184294,"name":"송도원국제소년단야영소","category":"문화/예술>문화>야영지"}},{"type":"Feature","geometry":{"type":"Point","coordinates":[127.416909082875,39.1807756791143]},"properties":{"id":184296,"name":"송도원해수욕장","category":"문화/예술>관광>위락시설>유원지"}},{"type":"Feature","geometry":{"type":"Point","coordinates":[127.372482772103,39.19483244309]},"properties":{"id":184299,"name":"원산농업대학","category":"사회>교육/연구>교육기관>고등교육>단과대학"}},{"type":"Feature","geometry":{"type":"Point","coordinates":[127.447674225414,39.1519452963674]},"properties":{"id":184303,"name":"원산수산대학","category":"사회>교육/연구>교육기관>고등교육>단과대학"}},{"type":"Feature","geometry":{"type":"Point","coordinates":[127.420857339585,39.1643198430963]},"properties":{"id":184304,"name":"원산의학대학","category":"사회>교육/연구>교육기관>고등교육>단과대학"}},{"type":"Feature","geometry":{"type":"Point","coordinates":[127.430715929677,39.171027731849]},"properties":{"id":184305,"name":"원산중등학원","category":"사회>교육/연구>교육기관>중등교육"}},{"type":"Feature","geometry":{"type":"Point","coordinates":[127.4339105175,39.1685566420569]},"properties":{"id":184306,"name":"원산청년회관","category":"문화/예술>문화>청년회관"}},{"type":"Feature","geometry":{"type":"Point","coordinates":[127.415132608149,39.1795704454754]},"properties":{"id":184320,"name":"송도원","category":"문화/예술>관광>명승지"}},{"type":"Feature","geometry":{"type":"Point","coordinates":[127.460627594128,39.1358376117157]},"properties":{"id":184509,"name":"갈마","category":"사회>지명>인문지명(자연지명)>마을(골)>기타"}},{"type":"Feature","geometry":{"type":"Point","coordinates":[127.413571261098,39.1624132469404]},"properties":{"id":184770,"name":"원산역","category":"산업/경제>철도/지하철>철도>철도역"}},{"type":"Feature","geometry":{"type":"Point","coordinates":[127.359076129497,39.2814641162966]},"properties":{"id":185952,"name":"문평제련소","category":"산업/경제>중화학공업>금속공업>철강공업"}},{"type":"Feature","geometry":{"type":"Point","coordinates":[127.392922685583,38.8286955420841]},"properties":{"id":187330,"name":"고산과수농장","category":"산업/경제>농축수산업>농업>농장"}},{"type":"Feature","geometry":{"type":"Point","coordinates":[127.37393923725,38.9984415166713]},"properties":{"id":187335,"name":"석왕사","category":"문화/예술>종교>불교"}},{"type":"Feature","geometry":{"type":"Point","coordinates":[127.395059195111,38.9934825102588]},"properties":{"id":188128,"name":"설봉리","category":"사회>지명>행정구역(지명)>동읍리"}},{"type":"Feature","geometry":{"type":"Point","coordinates":[127.407972692176,38.8565442208837]},"properties":{"id":188533,"name":"금강산발전소","category":"산업/경제>전력>발전소>기타"}},{"type":"Feature","geometry":{"type":"Point","coordinates":[128.168361904303,38.640917301695]},"properties":{"id":188733,"name":"외금강면","category":"사회>지명>인문지명(자연지명)>옛지명"}},{"type":"Feature","geometry":{"type":"Point","coordinates":[128.207324882249,38.7285060101831]},"properties":{"id":188805,"name":"고성항","category":"산업/경제>항만"}},{"type":"Feature","geometry":{"type":"Point","coordinates":[128.198146252041,38.6858227289986]},"properties":{"id":188849,"name":"외금강호텔","category":"사회>보건>휴양시설>휴양소"}},{"type":"Feature","geometry":{"type":"Point","coordinates":[128.175839909098,38.6756434253124]},"properties":{"id":188856,"name":"신계사터","category":"문화/예술>문화재>유적>터"}},{"type":"Feature","geometry":{"type":"Point","coordinates":[128.185884099133,38.7446346423817]},"properties":{"id":188866,"name":"고성읍","category":"사회>지명>행정구역(지명)>동읍리"}},{"type":"Feature","geometry":{"type":"Point","coordinates":[128.040963456942,38.8402742302565]},"properties":{"id":189315,"name":"두백리","category":"사회>지명>인문지명(자연지명)>옛지명"}},{"type":"Feature","geometry":{"type":"Point","coordinates":[128.180785110282,38.6945433148092]},"properties":{"id":189966,"name":"온정리","category":"사회>지명>행정구역(지명)>동읍리"}},{"type":"Feature","geometry":{"type":"Point","coordinates":[128.216147714994,38.691556730366]},"properties":{"id":189974,"name":"금강산청년역","category":"산업/경제>철도/지하철>철도>철도역"}},{"type":"Feature","geometry":{"type":"Point","coordinates":[128.177205738577,38.6984617689058]},"properties":{"id":190029,"name":"조포마을","category":"사회>지명>인문지명(자연지명)>마을(골)>주요 마을"}},{"type":"Feature","geometry":{"type":"Point","coordinates":[128.022533478217,38.5689092517569]},"properties":{"id":190780,"name":"1211고지","category":"환경>지질/지형>지형>주요 산지"}},{"type":"Feature","geometry":{"type":"Point","coordinates":[128.051556320883,38.6125102468598]},"properties":{"id":190966,"name":"내금강리","category":"사회>지명>행정구역(지명)>동읍리"}},{"type":"Feature","geometry":{"type":"Point","coordinates":[128.11933061929,38.4306733598447]},"properties":{"id":192484,"name":"이포리","category":"사회>지명>행정구역(지명)>동읍리"}},{"type":"Feature","geometry":{"type":"Point","coordinates":[127.208519470741,39.1727857569594]},"properties":{"id":194877,"name":"마식령","category":"환경>지질/지형>지형>주요 산지"}},{"type":"Feature","geometry":{"type":"Point","coordinates":[127.135327097966,39.0789614044986]},"properties":{"id":195570,"name":"도찬리","category":"사회>지명>행정구역(지명)>동읍리"}},{"type":"Feature","geometry":{"type":"Point","coordinates":[127.094254871483,39.1523634766096]},"properties":{"id":195986,"name":"용포혁명사적지","category":"문화/예술>문화>기타"}},{"type":"Feature","geometry":{"type":"Point","coordinates":[127.158920956201,39.122738218884]},"properties":{"id":196550,"name":"무지개동굴","category":"환경>지질/지형>지형>동굴"}},{"type":"Feature","geometry":{"type":"Point","coordinates":[128.113882101408,38.3874385036557]},"properties":{"id":196832,"name":"박달령","category":"환경>지질/지형>지형>주요 산지"}},{"type":"Feature","geometry":{"type":"Point","coordinates":[127.510927425139,38.98286224285]},"properties":{"id":199314,"name":"안변청년발전소","category":"산업/경제>전력>발전소>수력발전소"}},{"type":"Feature","geometry":{"type":"Point","coordinates":[127.482274417485,39.0660709774437]},"properties":{"id":201046,"name":"천삼리","category":"사회>지명>행정구역(지명)>동읍리"}},{"type":"Feature","geometry":{"type":"Point","coordinates":[127.459412092919,39.0675599562819]},"properties":{"id":201093,"name":"풍화리","category":"사회>지명>행정구역(지명)>동읍리"}},{"type":"Feature","geometry":{"type":"Point","coordinates":[126.743482942741,38.4789898857306]},"properties":{"id":202728,"name":"오현리","category":"사회>지명>행정구역(지명)>동읍리"}},{"type":"Feature","geometry":{"type":"Point","coordinates":[127.756527261073,38.5875696608727]},"properties":{"id":205284,"name":"지석리","category":"사회>지명>행정구역(지명)>동읍리"}},{"type":"Feature","geometry":{"type":"Point","coordinates":[127.130949819855,39.2465968770352]},"properties":{"id":205638,"name":"울림폭포","category":"환경>수문>기타"}},{"type":"Feature","geometry":{"type":"Point","coordinates":[127.213928379358,39.3663148219161]},"properties":{"id":205642,"name":"천내리시멘트공장","category":"산업/경제>중화학공업>건재공업>시멘트"}},{"type":"Feature","geometry":{"type":"Point","coordinates":[127.253851691445,39.2918817290417]},"properties":{"id":205849,"name":"문천탄광","category":"산업/경제>광업>광산>석탄>무연탄"}},{"type":"Feature","geometry":{"type":"Point","coordinates":[127.350360572638,39.3897178494863]},"properties":{"id":206105,"name":"금호","category":"환경>수문>기타"}},{"type":"Feature","geometry":{"type":"Point","coordinates":[127.002548778544,38.323567287653]},"properties":{"id":207228,"name":"철원","category":"사회>지명>인문지명(자연지명)>옛지명"}},{"type":"Feature","geometry":{"type":"Point","coordinates":[127.899926428552,38.9008637981393]},"properties":{"id":209551,"name":"구읍리","category":"사회>지명>행정구역(지명)>동읍리"}},{"type":"Feature","geometry":{"type":"Point","coordinates":[127.873394927164,38.9375401774476]},"properties":{"id":210206,"name":"미림","category":"사회>지명>인문지명(자연지명)>마을(골)>기타"}},{"type":"Feature","geometry":{"type":"Point","coordinates":[127.645816522162,39.1048387966704]},"properties":{"id":210933,"name":"장진리","category":"사회>지명>행정구역(지명)>동읍리"}},{"type":"Feature","geometry":{"type":"Point","coordinates":[127.440242495653,38.3557579829595]},"properties":{"id":214057,"name":"오성산","category":"환경>지질/지형>지형>주요 산지"}},{"type":"Feature","geometry":{"type":"Point","coordinates":[127.263601423491,38.4406244179226]},"properties":{"id":214782,"name":"복계리","category":"사회>지명>행정구역(지명)>동읍리"}},{"type":"Feature","geometry":{"type":"Point","coordinates":[127.368821718823,38.3777195686971]},"properties":{"id":215756,"name":"천암리","category":"사회>지명>행정구역(지명)>동읍리"}},{"type":"Feature","geometry":{"type":"Point","coordinates":[127.317119315356,38.43651351062]},"properties":{"id":215940,"name":"문수원","category":"사회>지명>인문지명(자연지명)>마을(골)>기타"}},{"type":"Feature","geometry":{"type":"Point","coordinates":[127.94536313478,38.9038731121785]},"properties":{"id":218151,"name":"통천알섬바다새번식보호구","category":"환경>천연기념물"}},{"type":"Feature","geometry":{"type":"Point","coordinates":[127.796006129564,40.2654533232943]},"properties":{"id":218260,"name":"함경남도","category":"사회>지명>행정구역(지명)>광역(직할시, 도, 특급시)"}},{"type":"Feature","geometry":{"type":"Point","coordinates":[127.586540702528,40.0306972945847]},"properties":{"id":218275,"name":"함흥시","category":"사회>지명>행정구역(지명)>시/군"}},{"type":"Feature","geometry":{"type":"Point","coordinates":[128.839665648326,40.7371760572558]},"properties":{"id":218285,"name":"단천시","category":"사회>지명>행정구역(지명)>시/군"}},{"type":"Feature","geometry":{"type":"Point","coordinates":[128.19062907981,40.0689046399816]},"properties":{"id":218310,"name":"신포시","category":"사회>지명>행정구역(지명)>시/군"}},{"type":"Feature","geometry":{"type":"Point","coordinates":[127.67734564295,39.9284402254664]},"properties":{"id":218320,"name":"흥남시","category":"사회>지명>행정구역(지명)>시/군"}},{"type":"Feature","geometry":{"type":"Point","coordinates":[127.076616492898,39.4454712072255]},"properties":{"id":218321,"name":"고원군","category":"사회>지명>행정구역(지명)>시/군"}},{"type":"Feature","geometry":{"type":"Point","coordinates":[127.297060343951,39.6179782896315]},"properties":{"id":218322,"name":"금야군","category":"사회>지명>행정구역(지명)>시/군"}},{"type":"Feature","geometry":{"type":"Point","coordinates":[128.081226316649,40.3288763480326]},"properties":{"id":218324,"name":"덕성군","category":"사회>지명>행정구역(지명)>시/군"}},{"type":"Feature","geometry":{"type":"Point","coordinates":[127.793934405152,39.9800919872078]},"properties":{"id":218334,"name":"낙원군","category":"사회>지명>행정구역(지명)>시/군"}},{"type":"Feature","geometry":{"type":"Point","coordinates":[128.579637366347,40.1872857471629]},"properties":{"id":218335,"name":"이원군","category":"사회>지명>행정구역(지명)>시/군"}},{"type":"Feature","geometry":{"type":"Point","coordinates":[127.55715132924,40.940686093871]},"properties":{"id":218339,"name":"부전군","category":"사회>지명>행정구역(지명)>시/군"}},{"type":"Feature","geometry":{"type":"Point","coordinates":[127.793283950256,40.2669039142824]},"properties":{"id":218358,"name":"함경도","category":"사회>지명>인문지명(자연지명)>옛지명"}},{"type":"Feature","geometry":{"type":"Point","coordinates":[126.913608337126,40.352899160592]},"properties":{"id":218392,"name":"낭림산","category":"환경>지질/지형>지형>주요 산지"}},{"type":"Feature","geometry":{"type":"Point","coordinates":[128.715580547623,40.8658166927357]},"properties":{"id":218407,"name":"만탑산","category":"환경>지질/지형>지형>주요 산지"}},{"type":"Feature","geometry":{"type":"Point","coordinates":[127.516259557247,39.9071454870444]},"properties":{"id":218440,"name":"성천강","category":"환경>수문>주요 강"}},{"type":"Feature","geometry":{"type":"Point","coordinates":[127.635998013904,41.2670656422663]},"properties":{"id":218456,"name":"장진강","category":"환경>수문>주요 강"}},{"type":"Feature","geometry":{"type":"Point","coordinates":[128.233823047033,40.991655758324]},"properties":{"id":218473,"name":"허천강","category":"환경>수문>주요 강"}},{"type":"Feature","geometry":{"type":"Point","coordinates":[127.585044116041,40.0296781684093]},"properties":{"id":218486,"name":"덕산군","category":"사회>지명>인문지명(자연지명)>옛지명"}},{"type":"Feature","geometry":{"type":"Point","coordinates":[127.591130995288,40.0263690666265]},"properties":{"id":218495,"name":"함주","category":"사회>지명>인문지명(자연지명)>옛지명"}},{"type":"Feature","geometry":{"type":"Point","coordinates":[127.526574646005,39.9140681735812]},"properties":{"id":218522,"name":"신흥관","category":"산업/경제>서비스업>숙박/요식>식당(음식점)"}},{"type":"Feature","geometry":{"type":"Point","coordinates":[127.55575111285,39.920802927987]},"properties":{"id":218525,"name":"함흥모방직공장","category":"산업/경제>경공업/IT>섬유공업>방직공업"}},{"type":"Feature","geometry":{"type":"Point","coordinates":[127.547703552994,39.9059426144943]},"properties":{"id":218526,"name":"함흥목재가공공장","category":"산업/경제>경공업/IT>잡업(잡화)"}},{"type":"Feature","geometry":{"type":"Point","coordinates":[127.560571743062,39.8842134899796]},"properties":{"id":218527,"name":"함흥씨리카트벽돌공장","category":"산업/경제>중화학공업>건재공업>벽돌/건설자기"}},{"type":"Feature","geometry":{"type":"Point","coordinates":[127.545496935589,39.9118572283848]},"properties":{"id":218528,"name":"함흥역","category":"산업/경제>철도/지하철>철도>철도역"}},{"type":"Feature","geometry":{"type":"Point","coordinates":[127.558258334124,39.9245320423356]},"properties":{"id":218530,"name":"함흥영예군인수지일용품공장","category":"산업/경제>경공업/IT>잡업(잡화)"}},{"type":"Feature","geometry":{"type":"Point","coordinates":[127.542600918117,39.9296099794116]},"properties":{"id":218531,"name":"고려약학대학","category":"사회>교육/연구>교육기관>고등교육>단과대학"}},{"type":"Feature","geometry":{"type":"Point","coordinates":[127.558606534103,39.8981028517658]},"properties":{"id":218542,"name":"함경남도당학교","category":"사회>교육/연구>교육기관>기타>당학교"}},{"type":"Feature","geometry":{"type":"Point","coordinates":[127.539116150617,39.9201743816455]},"properties":{"id":218545,"name":"함흥경기장","category":"문화/예술>체육>체육시설>실외"}},{"type":"Feature","geometry":{"type":"Point","coordinates":[127.537055215537,39.9152656801052]},"properties":{"id":218546,"name":"함흥대극장","category":"문화/예술>예술>연극영화>극장"}},{"type":"Feature","geometry":{"type":"Point","coordinates":[127.544168441838,39.9272740775802]},"properties":{"id":218550,"name":"함흥수리동력대학","category":"사회>교육/연구>교육기관>고등교육>단과대학"}},{"type":"Feature","geometry":{"type":"Point","coordinates":[127.539995426374,39.9306172061852]},"properties":{"id":218551,"name":"함흥의학대학","category":"사회>교육/연구>교육기관>고등교육>단과대학"}},{"type":"Feature","geometry":{"type":"Point","coordinates":[127.558891144294,39.8938648613685]},"properties":{"id":218554,"name":"함흥컴퓨터기술대학","category":"사회>교육/연구>교육기관>고등교육>단과대학"}},{"type":"Feature","geometry":{"type":"Point","coordinates":[127.531571942642,39.9199503698241]},"properties":{"id":218555,"name":"함흥화학공업대학","category":"사회>교육/연구>교육기관>고등교육>단과대학"}},{"type":"Feature","geometry":{"type":"Point","coordinates":[127.551288484198,39.9246639444742]},"properties":{"id":219561,"name":"회양동","category":"사회>지명>행정구역(지명)>동읍리"}},{"type":"Feature","geometry":{"type":"Point","coordinates":[127.586091594527,39.9939900668753]},"properties":{"id":220931,"name":"쌍봉리","category":"사회>지명>행정구역(지명)>동읍리"}},{"type":"Feature","geometry":{"type":"Point","coordinates":[128.847158519198,40.7392984315067]},"properties":{"id":221278,"name":"광천군","category":"사회>지명>인문지명(자연지명)>옛지명"}},{"type":"Feature","geometry":{"type":"Point","coordinates":[128.813361649885,40.922111605029]},"properties":{"id":221372,"name":"검덕광업연합기업소","category":"산업/경제>광업>광산>금속>연,아연"}},{"type":"Feature","geometry":{"type":"Point","coordinates":[128.912765163021,40.4278198923295]},"properties":{"id":221374,"name":"단천마그네시아공장","category":"산업/경제>중화학공업>건재공업>내화물"}},{"type":"Feature","geometry":{"type":"Point","coordinates":[128.92001340971,40.4375878132168]},"properties":{"id":221376,"name":"단천제련소","category":"산업/경제>중화학공업>금속공업>철강공업"}},{"type":"Feature","geometry":{"type":"Point","coordinates":[128.808943997456,40.8975173944403]},"properties":{"id":221378,"name":"용양광산","category":"산업/경제>광업>광산>비금속>마그네사이트"}},{"type":"Feature","geometry":{"type":"Point","coordinates":[128.854619953571,40.4568122357867]},"properties":{"id":221379,"name":"허천강발전소","category":"산업/경제>전력>발전소>수력발전소"}},{"type":"Feature","geometry":{"type":"Point","coordinates":[128.816051511218,40.9220627159175]},"properties":{"id":221499,"name":"검덕","category":"사회>지명>기타"}},{"type":"Feature","geometry":{"type":"Point","coordinates":[128.963915252181,40.8970681000703]},"properties":{"id":222095,"name":"백금산","category":"환경>지질/지형>지형>주요 산지"}},{"type":"Feature","geometry":{"type":"Point","coordinates":[128.895474214308,40.4311914177699]},"properties":{"id":226803,"name":"오몽리","category":"사회>지명>행정구역(지명)>동읍리"}},{"type":"Feature","geometry":{"type":"Point","coordinates":[127.802152636258,40.264303183748]},"properties":{"id":227777,"name":"강상리","category":"사회>지명>인문지명(자연지명)>옛지명"}},{"type":"Feature","geometry":{"type":"Point","coordinates":[128.191923478571,40.0698639495061]},"properties":{"id":227799,"name":"신포물고기통조림공장","category":"산업/경제>농축수산업>수산업>기타"}},{"type":"Feature","geometry":{"type":"Point","coordinates":[128.207144564464,40.0378953771435]},"properties":{"id":227801,"name":"신포역","category":"산업/경제>철도/지하철>철도>철도역"}},{"type":"Feature","geometry":{"type":"Point","coordinates":[128.17756343287,40.0323512909502]},"properties":{"id":227802,"name":"신포항","category":"산업/경제>항만"}},{"type":"Feature","geometry":{"type":"Point","coordinates":[128.188878507316,40.065302305423]},"properties":{"id":227803,"name":"양화수산사업소","category":"산업/경제>농축수산업>수산업>기타"}},{"type":"Feature","geometry":{"type":"Point","coordinates":[127.600148646568,39.8219465456081]},"properties":{"id":228779,"name":"용성기계연합총국","category":"산업/경제>중화학공업>기계공업>공작기계"}},{"type":"Feature","geometry":{"type":"Point","coordinates":[127.568921813248,39.8601861168702]},"properties":{"id":228781,"name":"2.8비닐론연합기업소","category":"산업/경제>중화학공업>화학공업>기타"}},{"type":"Feature","geometry":{"type":"Point","coordinates":[127.659550796182,39.8167703304669]},"properties":{"id":228782,"name":"흥남비료연합기업소","category":"산업/경제>중화학공업>화학공업>화학비료"}},{"type":"Feature","geometry":{"type":"Point","coordinates":[127.614330527925,39.8344650906345]},"properties":{"id":228783,"name":"흥남제련소","category":"산업/경제>중화학공업>금속공업>철강공업"}},{"type":"Feature","geometry":{"type":"Point","coordinates":[127.588994653811,39.8413771916483]},"properties":{"id":228784,"name":"흥남제약공장","category":"사회>보건>의료>의약품(개발,생산)"}},{"type":"Feature","geometry":{"type":"Point","coordinates":[127.686137347749,39.8523904131371]},"properties":{"id":229755,"name":"마전리","category":"사회>지명>행정구역(지명)>동읍리"}},{"type":"Feature","geometry":{"type":"Point","coordinates":[127.173545173521,39.4394826922131]},"properties":{"id":230146,"name":"홍원군","category":"사회>지명>인문지명(자연지명)>옛지명"}},{"type":"Feature","geometry":{"type":"Point","coordinates":[127.527501826379,39.4278271368224]},"properties":{"id":231408,"name":"광명성제염소","category":"산업/경제>농축수산업>수산업>염전"}},{"type":"Feature","geometry":{"type":"Point","coordinates":[127.328324250868,39.5822438833704]},"properties":{"id":232678,"name":"안불사","category":"문화/예술>종교>불교"}},{"type":"Feature","geometry":{"type":"Point","coordinates":[127.486276994513,39.1770584895545]},"properties":{"id":236146,"name":"명사십리","category":"문화/예술>관광>명승지"}},{"type":"Feature","geometry":{"type":"Point","coordinates":[128.30242399704,40.3114587036005]},"properties":{"id":236663,"name":"덕성과일가공공장","category":"산업/경제>경공업/IT>식료품공업"}},{"type":"Feature","geometry":{"type":"Point","coordinates":[128.120361031161,40.524512560725]},"properties":{"id":236664,"name":"덕성광산","category":"산업/경제>광업>광산>금속>철"}},{"type":"Feature","geometry":{"type":"Point","coordinates":[128.289849726301,40.3525962717958]},"properties":{"id":238696,"name":"주의동리","category":"사회>지명>행정구역(지명)>동읍리"}},{"type":"Feature","geometry":{"type":"Point","coordinates":[128.538912237974,40.3235954961718]},"properties":{"id":240883,"name":"정광사","category":"문화/예술>문화재>유적>터"}},{"type":"Feature","geometry":{"type":"Point","coordinates":[128.73996802025,40.3421312437659]},"properties":{"id":243624,"name":"승호리","category":"사회>지명>인문지명(자연지명)>옛지명"}},{"type":"Feature","geometry":{"type":"Point","coordinates":[127.508723559241,40.9860955598467]},"properties":{"id":243660,"name":"부전강","category":"환경>수문>주요 강"}},{"type":"Feature","geometry":{"type":"Point","coordinates":[128.814001651091,40.9255691352915]},"properties":{"id":245070,"name":"금골노동자문화회관","category":"문화/예술>문화>문화회관"}},{"type":"Feature","geometry":{"type":"Point","coordinates":[128.357491982081,40.2173645640086]},"properties":{"id":245142,"name":"북청군","category":"사회>지명>행정구역(지명)>시/군"}},{"type":"Feature","geometry":{"type":"Point","coordinates":[127.665285274576,40.289032913281]},"properties":{"id":245183,"name":"신흥군","category":"사회>지명>행정구역(지명)>시/군"}},{"type":"Feature","geometry":{"type":"Point","coordinates":[127.373040776689,40.1050618812697]},"properties":{"id":245184,"name":"영광군","category":"사회>지명>행정구역(지명)>시/군"}},{"type":"Feature","geometry":{"type":"Point","coordinates":[126.918359354552,39.6841105054982]},"properties":{"id":245185,"name":"요덕군","category":"사회>지명>행정구역(지명)>시/군"}},{"type":"Feature","geometry":{"type":"Point","coordinates":[127.238084427621,40.46525930268]},"properties":{"id":245186,"name":"장진군","category":"사회>지명>행정구역(지명)>시/군"}},{"type":"Feature","geometry":{"type":"Point","coordinates":[127.341811846709,39.7208897360673]},"properties":{"id":245190,"name":"정평군","category":"사회>지명>행정구역(지명)>시/군"}},{"type":"Feature","geometry":{"type":"Point","coordinates":[127.305179783445,39.9177080668246]},"properties":{"id":245195,"name":"함주군","category":"사회>지명>행정구역(지명)>시/군"}},{"type":"Feature","geometry":{"type":"Point","coordinates":[128.582081605527,40.7535042519769]},"properties":{"id":245198,"name":"허천군","category":"사회>지명>행정구역(지명)>시/군"}},{"type":"Feature","geometry":{"type":"Point","coordinates":[127.955858518514,40.1380303993259]},"properties":{"id":245199,"name":"홍원군","category":"사회>지명>행정구역(지명)>시/군"}},{"type":"Feature","geometry":{"type":"Point","coordinates":[127.790387628135,40.2685537548517]},"properties":{"id":245209,"name":"금호지구","category":"사회>지명>행정구역(지명)>구/구역"}},{"type":"Feature","geometry":{"type":"Point","coordinates":[128.450903361139,40.1154411226588]},"properties":{"id":245304,"name":"북청과수농장","category":"산업/경제>농축수산업>농업>농장"}},{"type":"Feature","geometry":{"type":"Point","coordinates":[128.309996167927,40.241946715641]},"properties":{"id":245393,"name":"북청역","category":"산업/경제>철도/지하철>철도>철도역"}},{"type":"Feature","geometry":{"type":"Point","coordinates":[127.416012642983,40.3844599199001]},"properties":{"id":245716,"name":"맹산","category":"환경>지질/지형>지형>주요 산지"}},{"type":"Feature","geometry":{"type":"Point","coordinates":[128.441220371408,40.1168042391738]},"properties":{"id":245943,"name":"장연호","category":"환경>수문>호수"}},{"type":"Feature","geometry":{"type":"Point","coordinates":[128.312962585311,40.2296069022224]},"properties":{"id":248900,"name":"청흥리","category":"사회>지명>행정구역(지명)>동읍리"}},{"type":"Feature","geometry":{"type":"Point","coordinates":[127.539262049084,40.1903937794134]},"properties":{"id":249378,"name":"부전강발전소","category":"산업/경제>전력>발전소>수력발전소"}},{"type":"Feature","geometry":{"type":"Point","coordinates":[127.550985442222,40.1966664582558]},"properties":{"id":249380,"name":"신흥화학일용품공장","category":"산업/경제>경공업/IT>잡업(잡화)"}},{"type":"Feature","geometry":{"type":"Point","coordinates":[127.523989143841,40.1313562363152]},"properties":{"id":251714,"name":"중평리","category":"사회>지명>행정구역(지명)>동읍리"}},{"type":"Feature","geometry":{"type":"Point","coordinates":[127.861186709535,40.3155886061069]},"properties":{"id":252164,"name":"금패령","category":"환경>지질/지형>지형>주요 산지"}},{"type":"Feature","geometry":{"type":"Point","coordinates":[127.578404466388,40.0546706686654]},"properties":{"id":252379,"name":"장진강발전소","category":"산업/경제>전력>발전소>수력발전소"}},{"type":"Feature","geometry":{"type":"Point","coordinates":[127.18766987233,40.1830351451732]},"properties":{"id":252385,"name":"용흥사","category":"문화/예술>문화재>유적>터"}},{"type":"Feature","geometry":{"type":"Point","coordinates":[125.731429440547,39.0088966990625]},"properties":{"id":252440,"name":"영광역","category":"산업/경제>철도/지하철>지하철>지하철역"}},{"type":"Feature","geometry":{"type":"Point","coordinates":[127.130374352554,39.6831007043244]},"properties":{"id":257202,"name":"평천","category":"사회>지명>인문지명(자연지명)>마을(골)>기타"}},{"type":"Feature","geometry":{"type":"Point","coordinates":[127.245521112267,40.4643431999428]},"properties":{"id":258121,"name":"장진호","category":"환경>수문>기타"}},{"type":"Feature","geometry":{"type":"Point","coordinates":[127.33823217222,39.7199403750497]},"properties":{"id":259612,"name":"문창저수지","category":"환경>수문>저수지"}},{"type":"Feature","geometry":{"type":"Point","coordinates":[127.416067524211,39.7872441246116]},"properties":{"id":259636,"name":"광포오리공장","category":"산업/경제>농축수산업>목축업>가축공장"}},{"type":"Feature","geometry":{"type":"Point","coordinates":[127.414540976238,39.8027821465816]},"properties":{"id":261480,"name":"상봉리","category":"사회>지명>인문지명(자연지명)>옛지명"}},{"type":"Feature","geometry":{"type":"Point","coordinates":[127.310073901206,39.7401213745787]},"properties":{"id":262103,"name":"장천리","category":"사회>지명>행정구역(지명)>동읍리"}},{"type":"Feature","geometry":{"type":"Point","coordinates":[127.315994291052,39.6622519605427]},"properties":{"id":262412,"name":"초원리","category":"사회>지명>행정구역(지명)>동읍리"}},{"type":"Feature","geometry":{"type":"Point","coordinates":[127.44761106525,39.8560773562042]},"properties":{"id":263021,"name":"흥상요업공장","category":"산업/경제>중화학공업>건재공업>벽돌/건설자기"}},{"type":"Feature","geometry":{"type":"Point","coordinates":[127.43769915835,39.8476694997007]},"properties":{"id":263057,"name":"함주역","category":"산업/경제>철도/지하철>철도>철도역"}},{"type":"Feature","geometry":{"type":"Point","coordinates":[127.448337329891,39.8952739625219]},"properties":{"id":263898,"name":"운동리","category":"사회>지명>행정구역(지명)>동읍리"}},{"type":"Feature","geometry":{"type":"Point","coordinates":[127.379090136156,39.8571674286428]},"properties":{"id":264389,"name":"추상리","category":"사회>지명>행정구역(지명)>동읍리"}},{"type":"Feature","geometry":{"type":"Point","coordinates":[128.698409930366,40.6570348122027]},"properties":{"id":264905,"name":"상농광산","category":"산업/경제>광업>광산>금속>철"}},{"type":"Feature","geometry":{"type":"Point","coordinates":[128.725945011932,40.600572182433]},"properties":{"id":264906,"name":"허천강수력발전소","category":"산업/경제>전력>발전소>수력발전소"}},{"type":"Feature","geometry":{"type":"Point","coordinates":[128.575804313096,40.7534370735628]},"properties":{"id":264907,"name":"허천갱목사업소","category":"산업/경제>농축수산업>임업>기타"}},{"type":"Feature","geometry":{"type":"Point","coordinates":[128.723936577507,40.7331253888235]},"properties":{"id":266459,"name":"은흥리","category":"사회>지명>행정구역(지명)>동읍리"}},{"type":"Feature","geometry":{"type":"Point","coordinates":[128.01520611414,40.0799589099344]},"properties":{"id":267456,"name":"경포노동자구","category":"사회>지명>행정구역(지명)>동읍리"}},{"type":"Feature","geometry":{"type":"Point","coordinates":[128.087261084713,40.0545218058845]},"properties":{"id":267671,"name":"운포노동자구","category":"사회>지명>행정구역(지명)>동읍리"}},{"type":"Feature","geometry":{"type":"Point","coordinates":[127.117893566473,39.5642717196186]},"properties":{"id":271072,"name":"금야강","category":"환경>수문>주요 강"}},{"type":"Feature","geometry":{"type":"Point","coordinates":[127.163128036266,39.4715176501626]},"properties":{"id":271078,"name":"덕지강","category":"환경>수문>주요 강"}},{"type":"Feature","geometry":{"type":"Point","coordinates":[126.925045482719,39.3845748948002]},"properties":{"id":271094,"name":"고원탄광","category":"산업/경제>광업>광산>석탄>무연탄"}},{"type":"Feature","geometry":{"type":"Point","coordinates":[126.929876047459,39.2850958203142]},"properties":{"id":271597,"name":"재령","category":"환경>지질/지형>지형>주요 산지"}},{"type":"Feature","geometry":{"type":"Point","coordinates":[126.959574182967,39.3387000213007]},"properties":{"id":272416,"name":"혁산","category":"환경>지질/지형>지형>주요 산지"}},{"type":"Feature","geometry":{"type":"Point","coordinates":[128.382882262856,40.1194811542044]},"properties":{"id":272955,"name":"속후리","category":"사회>지명>행정구역(지명)>동읍리"}},{"type":"Feature","geometry":{"type":"Point","coordinates":[128.319078311372,40.1261934006777]},"properties":{"id":273044,"name":"오매리","category":"사회>지명>행정구역(지명)>동읍리"}},{"type":"Feature","geometry":{"type":"Point","coordinates":[128.304008181409,40.0904889459762]},"properties":{"id":273352,"name":"호만포","category":"환경>수문>기타"}},{"type":"Feature","geometry":{"type":"Point","coordinates":[129.543678128965,41.8100408664985]},"properties":{"id":273458,"name":"함경북도","category":"사회>지명>행정구역(지명)>광역(직할시, 도, 특급시)"}},{"type":"Feature","geometry":{"type":"Point","coordinates":[129.494139229859,41.8675456468676]},"properties":{"id":273468,"name":"청진시","category":"사회>지명>행정구역(지명)>시/군"}},{"type":"Feature","geometry":{"type":"Point","coordinates":[129.125262567242,40.7821388494037]},"properties":{"id":273478,"name":"김책시","category":"사회>지명>행정구역(지명)>시/군"}},{"type":"Feature","geometry":{"type":"Point","coordinates":[129.717157179007,42.3749666272386]},"properties":{"id":273493,"name":"회령시","category":"사회>지명>행정구역(지명)>시/군"}},{"type":"Feature","geometry":{"type":"Point","coordinates":[129.431155328281,41.6491545925176]},"properties":{"id":273513,"name":"경성군","category":"사회>지명>행정구역(지명)>시/군"}},{"type":"Feature","geometry":{"type":"Point","coordinates":[129.189155313384,41.0354660958422]},"properties":{"id":273518,"name":"길주군","category":"사회>지명>행정구역(지명)>시/군"}},{"type":"Feature","geometry":{"type":"Point","coordinates":[129.538094833933,41.0490430914247]},"properties":{"id":273531,"name":"명천군","category":"사회>지명>행정구역(지명)>시/군"}},{"type":"Feature","geometry":{"type":"Point","coordinates":[129.543653824806,41.8051711245968]},"properties":{"id":273552,"name":"북관","category":"사회>지명>인문지명(자연지명)>옛지명"}},{"type":"Feature","geometry":{"type":"Point","coordinates":[129.550895752907,41.811807218851]},"properties":{"id":273563,"name":"함경도","category":"사회>지명>인문지명(자연지명)>옛지명"}},{"type":"Feature","geometry":{"type":"Point","coordinates":[130.130843934485,42.9051216223306]},"properties":{"id":273572,"name":"두만강","category":"환경>수문>주요 강"}},{"type":"Feature","geometry":{"type":"Point","coordinates":[129.513622038088,41.3086221102996]},"properties":{"id":273582,"name":"어랑천","category":"환경>수문>주요 하천"}},{"type":"Feature","geometry":{"type":"Point","coordinates":[129.41804373657,41.8186186280968]},"properties":{"id":273637,"name":"예문암","category":"환경>지질/지형>지형>주요 산지"}},{"type":"Feature","geometry":{"type":"Point","coordinates":[129.529568072945,41.9254904205143]},"properties":{"id":273675,"name":"승선대","category":"환경>지질/지형>지형>주요 산지"}},{"type":"Feature","geometry":{"type":"Point","coordinates":[129.410072070229,40.9880641686221]},"properties":{"id":273716,"name":"칠보산휴양소","category":"사회>보건>휴양시설>휴양소"}},{"type":"Feature","geometry":{"type":"Point","coordinates":[129.512780446076,41.8890165913091]},"properties":{"id":273925,"name":"수성천","category":"환경>수문>주요 강"}},{"type":"Feature","geometry":{"type":"Point","coordinates":[129.747538130818,41.7392376805044]},"properties":{"id":273931,"name":"김책제철연합기업소","category":"산업/경제>중화학공업>금속공업>철강공업"}},{"type":"Feature","geometry":{"type":"Point","coordinates":[129.688934815642,41.7095742260031]},"properties":{"id":273933,"name":"나남탄광","category":"산업/경제>광업>광산>석탄>갈탄"}},{"type":"Feature","geometry":{"type":"Point","coordinates":[129.685188817273,41.7189211476723]},"properties":{"id":273934,"name":"나남탄광기계연합기업소","category":"산업/경제>중화학공업>기계공업>탄광기계"}},{"type":"Feature","geometry":{"type":"Point","coordinates":[129.491917441062,41.9124190212542]},"properties":{"id":273936,"name":"서두수발전소","category":"산업/경제>전력>발전소>수력발전소"}},{"type":"Feature","geometry":{"type":"Point","coordinates":[129.828714182451,41.7782736903632]},"properties":{"id":273941,"name":"청진항","category":"산업/경제>항만"}},{"type":"Feature","geometry":{"type":"Point","coordinates":[129.749610125536,41.7634640615326]},"properties":{"id":273942,"name":"청진화력발전소","category":"산업/경제>전력>발전소>화력발전소"}},{"type":"Feature","geometry":{"type":"Point","coordinates":[129.769371594301,41.7890165734295]},"properties":{"id":273943,"name":"청진화학섬유공장","category":"산업/경제>경공업/IT>섬유공업>섬유공장"}},{"type":"Feature","geometry":{"type":"Point","coordinates":[129.788264573189,41.7743083571619]},"properties":{"id":273944,"name":"함북조선소연합기업소","category":"산업/경제>중화학공업>조선업>조선소"}},{"type":"Feature","geometry":{"type":"Point","coordinates":[129.783272714175,41.7909441623052]},"properties":{"id":273949,"name":"청진광산금속대학","category":"사회>교육/연구>교육기관>고등교육>단과대학"}},{"type":"Feature","geometry":{"type":"Point","coordinates":[129.784493853747,41.7933887543181]},"properties":{"id":273954,"name":"청진의학대학","category":"사회>교육/연구>교육기관>고등교육>단과대학"}},{"type":"Feature","geometry":{"type":"Point","coordinates":[129.660085110637,41.7191338473485]},"properties":{"id":273957,"name":"함경북도예술단","category":"문화/예술>예술>단체>예술단"}},{"type":"Feature","geometry":{"type":"Point","coordinates":[129.653578944236,41.7341391126799]},"properties":{"id":273974,"name":"나남","category":"사회>지명>인문지명(자연지명)>마을(골)>기타"}},{"type":"Feature","geometry":{"type":"Point","coordinates":[129.70643731595,41.7722004507895]},"properties":{"id":274332,"name":"부윤구역","category":"사회>지명>행정구역(지명)>구/구역"}},{"type":"Feature","geometry":{"type":"Point","coordinates":[129.673539095484,41.8195220447369]},"properties":{"id":274472,"name":"송평구역","category":"사회>지명>행정구역(지명)>구/구역"}},{"type":"Feature","geometry":{"type":"Point","coordinates":[129.764719470712,41.8314774801585]},"properties":{"id":274996,"name":"수남구역","category":"사회>지명>행정구역(지명)>구/구역"}},{"type":"Feature","geometry":{"type":"Point","coordinates":[129.848119441057,41.8164031780065]},"properties":{"id":275034,"name":"신암구역","category":"사회>지명>행정구역(지명)>구/구역"}},{"type":"Feature","geometry":{"type":"Point","coordinates":[129.955670685295,42.0704530447455]},"properties":{"id":275264,"name":"청암구역","category":"사회>지명>행정구역(지명)>구/구역"}},{"type":"Feature","geometry":{"type":"Point","coordinates":[129.945081697864,42.0585950785299]},"properties":{"id":275792,"name":"삼일포","category":"환경>수문>주요 하천"}},{"type":"Feature","geometry":{"type":"Point","coordinates":[129.799096378635,41.8242527450917]},"properties":{"id":276817,"name":"포항구역","category":"사회>지명>행정구역(지명)>구/구역"}},{"type":"Feature","geometry":{"type":"Point","coordinates":[129.12767996699,40.7855068188718]},"properties":{"id":276860,"name":"성진군","category":"사회>지명>인문지명(자연지명)>옛지명"}},{"type":"Feature","geometry":{"type":"Point","coordinates":[129.120919341565,40.7818946460236]},"properties":{"id":276870,"name":"학성군","category":"사회>지명>인문지명(자연지명)>옛지명"}},{"type":"Feature","geometry":{"type":"Point","coordinates":[129.210686503808,40.6636006294663]},"properties":{"id":276894,"name":"김책항","category":"산업/경제>항만"}},{"type":"Feature","geometry":{"type":"Point","coordinates":[129.18552911902,40.6698192106725]},"properties":{"id":276895,"name":"성진내화물공장","category":"산업/경제>중화학공업>건재공업>내화물"}},{"type":"Feature","geometry":{"type":"Point","coordinates":[129.180370017292,40.6708374704336]},"properties":{"id":276896,"name":"성진제강연합기업소","category":"산업/경제>중화학공업>금속공업>철강공업"}},{"type":"Feature","geometry":{"type":"Point","coordinates":[129.107195173551,40.7809510293745]},"properties":{"id":278402,"name":"상평리","category":"사회>지명>행정구역(지명)>동읍리"}},{"type":"Feature","geometry":{"type":"Point","coordinates":[129.198608716211,40.7342281235943]},"properties":{"id":279715,"name":"호통리","category":"사회>지명>행정구역(지명)>동읍리"}},{"type":"Feature","geometry":{"type":"Point","coordinates":[129.742996718212,42.4321086081341]},"properties":{"id":279958,"name":"회령제지공장","category":"산업/경제>경공업/IT>제지공업"}},{"type":"Feature","geometry":{"type":"Point","coordinates":[129.789911478833,42.4908176873297]},"properties":{"id":279961,"name":"회령탄광기계공장","category":"산업/경제>중화학공업>기계공업>탄광기계"}},{"type":"Feature","geometry":{"type":"Point","coordinates":[129.753050552988,42.4388850429914]},"properties":{"id":279962,"name":"김기송중학교","category":"사회>교육/연구>교육기관>중등교육"}},{"type":"Feature","geometry":{"type":"Point","coordinates":[129.795032883612,42.4933446468412]},"properties":{"id":279963,"name":"김정숙교원대학","category":"사회>교육/연구>교육기관>고등교육>단과대학"}},{"type":"Feature","geometry":{"type":"Point","coordinates":[129.434926206727,42.3541196112299]},"properties":{"id":280231,"name":"오산덕","category":"환경>지질/지형>지형>주요 산지"}},{"type":"Feature","geometry":{"type":"Point","coordinates":[129.405696984133,42.3332865649038]},"properties":{"id":280812,"name":"남대천","category":"환경>수문>주요 강"}},{"type":"Feature","geometry":{"type":"Point","coordinates":[129.765720581344,42.5290518135472]},"properties":{"id":281842,"name":"인계리","category":"사회>지명>행정구역(지명)>동읍리"}},{"type":"Feature","geometry":{"type":"Point","coordinates":[129.817032912101,42.4436835371855]},"properties":{"id":282064,"name":"창효리","category":"사회>지명>행정구역(지명)>동읍리"}},{"type":"Feature","geometry":{"type":"Point","coordinates":[129.820073439542,42.4480643955722]},"properties":{"id":282142,"name":"충동","category":"사회>지명>인문지명(자연지명)>마을(골)>기타"}},{"type":"Feature","geometry":{"type":"Point","coordinates":[129.603155612833,41.5912394261621]},"properties":{"id":282474,"name":"경성도자기공장","category":"산업/경제>경공업/IT>잡업(잡화)"}},{"type":"Feature","geometry":{"type":"Point","coordinates":[129.610845423826,41.5888983791029]},"properties":{"id":282478,"name":"6.5전기종합공장","category":"산업/경제>중화학공업>전기/전자공업>전기기기"}},{"type":"Feature","geometry":{"type":"Point","coordinates":[129.525555932973,41.6534824890626]},"properties":{"id":282483,"name":"온포휴양소","category":"사회>보건>휴양시설>휴양소"}},{"type":"Feature","geometry":{"type":"Point","coordinates":[129.535879176853,41.6504105506113]},"properties":{"id":283470,"name":"상온포리","category":"사회>지명>행정구역(지명)>동읍리"}},{"type":"Feature","geometry":{"type":"Point","coordinates":[129.634627938381,41.5523546654921]},"properties":{"id":283605,"name":"용현리","category":"사회>지명>인문지명(자연지명)>옛지명"}},{"type":"Feature","geometry":{"type":"Point","coordinates":[129.640578654325,41.5480948810559]},"properties":{"id":283634,"name":"염분진","category":"사회>지명>인문지명(자연지명)>마을(골)>기타"}},{"type":"Feature","geometry":{"type":"Point","coordinates":[129.32105685053,40.9549266866002]},"properties":{"id":284291,"name":"길주합판공장","category":"산업/경제>경공업/IT>기타"}},{"type":"Feature","geometry":{"type":"Point","coordinates":[129.22083354291,41.0549046714253]},"properties":{"id":284363,"name":"인민군렬사묘지","category":"문화/예술>문화재>유적>능묘"}},{"type":"Feature","geometry":{"type":"Point","coordinates":[129.349921264563,41.0833924297585]},"properties":{"id":284740,"name":"선봉","category":"환경>지질/지형>지형>주요 산지"}},{"type":"Feature","geometry":{"type":"Point","coordinates":[129.59692303889,41.0539941039128]},"properties":{"id":287157,"name":"개심사","category":"문화/예술>종교>불교"}},{"type":"Feature","geometry":{"type":"Point","coordinates":[129.563555328564,41.6046525678821]},"properties":{"id":288729,"name":"경성온천","category":"환경>지질/지형>지형>기타"}},{"type":"Feature","geometry":{"type":"Point","coordinates":[129.546736456344,41.8113054100144]},"properties":{"id":288746,"name":"황진온천","category":"환경>지질/지형>지형>기타"}},{"type":"Feature","geometry":{"type":"Point","coordinates":[129.585098613574,41.6061461616936]},"properties":{"id":288758,"name":"경성모래온천","category":"환경>지질/지형>지형>기타"}},{"type":"Feature","geometry":{"type":"Point","coordinates":[129.296349199435,42.0927790640252]},"properties":{"id":288800,"name":"무산군","category":"사회>지명>행정구역(지명)>시/군"}},{"type":"Feature","geometry":{"type":"Point","coordinates":[129.671994291586,42.0583117606375]},"properties":{"id":288816,"name":"부령군","category":"사회>지명>행정구역(지명)>시/군"}},{"type":"Feature","geometry":{"type":"Point","coordinates":[129.543678128965,41.8100408664985]},"properties":{"id":288823,"name":"새별군","category":"사회>지명>행정구역(지명)>시/군"}},{"type":"Feature","geometry":{"type":"Point","coordinates":[129.35080403091,41.4275684370425]},"properties":{"id":288838,"name":"어랑군","category":"사회>지명>행정구역(지명)>시/군"}},{"type":"Feature","geometry":{"type":"Point","coordinates":[129.075888401801,41.804165411988]},"properties":{"id":288839,"name":"연사군","category":"사회>지명>행정구역(지명)>시/군"}},{"type":"Feature","geometry":{"type":"Point","coordinates":[129.935548371131,42.8231540129519]},"properties":{"id":288841,"name":"온성군","category":"사회>지명>행정구역(지명)>시/군"}},{"type":"Feature","geometry":{"type":"Point","coordinates":[130.099258199252,42.9352150361736]},"properties":{"id":288846,"name":"은덕군","category":"사회>지명>행정구역(지명)>시/군"}},{"type":"Feature","geometry":{"type":"Point","coordinates":[129.53432892014,40.8795283819879]},"properties":{"id":288864,"name":"화대군","category":"사회>지명>행정구역(지명)>시/군"}},{"type":"Feature","geometry":{"type":"Point","coordinates":[129.740540582538,41.0267035705929]},"properties":{"id":288867,"name":"화성군","category":"사회>지명>행정구역(지명)>시/군"}},{"type":"Feature","geometry":{"type":"Point","coordinates":[129.26511599552,42.2301693663647]},"properties":{"id":288927,"name":"무산광산연합기업소","category":"산업/경제>광업>광산>금속>철"}},{"type":"Feature","geometry":{"type":"Point","coordinates":[129.265498591113,42.1287801043977]},"properties":{"id":288932,"name":"독소봉수","category":"문화/예술>문화재>유적>터"}},{"type":"Feature","geometry":{"type":"Point","coordinates":[129.214906354888,42.2236740409389]},"properties":{"id":288967,"name":"무산역","category":"산업/경제>철도/지하철>철도>철도역"}},{"type":"Feature","geometry":{"type":"Point","coordinates":[129.263809289419,42.2282054431435]},"properties":{"id":289233,"name":"무산광산","category":"산업/경제>광업>광산>금속>철"}},{"type":"Feature","geometry":{"type":"Point","coordinates":[129.426160648854,41.9841366549568]},"properties":{"id":289237,"name":"민봉산","category":"환경>지질/지형>지형>주요 산지"}},{"type":"Feature","geometry":{"type":"Point","coordinates":[129.300261345517,41.9961814091995]},"properties":{"id":289661,"name":"산암천","category":"환경>수문>주요 하천"}},{"type":"Feature","geometry":{"type":"Point","coordinates":[129.694611103636,42.1221606273073]},"properties":{"id":291012,"name":"고무산시멘트공장","category":"산업/경제>중화학공업>건재공업>시멘트"}},{"type":"Feature","geometry":{"type":"Point","coordinates":[129.710074011144,42.0714793668047]},"properties":{"id":291015,"name":"부령발전소","category":"산업/경제>전력>발전소>수력발전소"}},{"type":"Feature","geometry":{"type":"Point","coordinates":[129.696227581808,42.1168320268648]},"properties":{"id":291196,"name":"고무산역","category":"산업/경제>철도/지하철>철도>철도역"}},{"type":"Feature","geometry":{"type":"Point","coordinates":[130.216182926334,42.7556836586308]},"properties":{"id":292259,"name":"성천","category":"환경>수문>주요 강"}},{"type":"Feature","geometry":{"type":"Point","coordinates":[129.979339110872,42.6442131221243]},"properties":{"id":293217,"name":"약덕","category":"환경>지질/지형>지형>주요 산지"}},{"type":"Feature","geometry":{"type":"Point","coordinates":[130.230544259105,42.8928342482869]},"properties":{"id":294020,"name":"훈융리","category":"사회>지명>행정구역(지명)>동읍리"}},{"type":"Feature","geometry":{"type":"Point","coordinates":[129.753925584596,41.37149555202]},"properties":{"id":294356,"name":"어대진","category":"사회>지명>인문지명(자연지명)>마을(골)>기타"}},{"type":"Feature","geometry":{"type":"Point","coordinates":[129.721775803648,41.4020585196389]},"properties":{"id":294868,"name":"용평리","category":"사회>지명>행정구역(지명)>동읍리"}},{"type":"Feature","geometry":{"type":"Point","coordinates":[128.993093130584,41.8225755035527]},"properties":{"id":296786,"name":"신양","category":"사회>지명>인문지명(자연지명)>마을(골)>기타"}},{"type":"Feature","geometry":{"type":"Point","coordinates":[129.985152439446,42.9101994610318]},"properties":{"id":297735,"name":"상화청년탄광","category":"산업/경제>광업>광산>석탄>갈탄"}},{"type":"Feature","geometry":{"type":"Point","coordinates":[129.976868180108,42.9407433208577]},"properties":{"id":297737,"name":"온성탄광","category":"산업/경제>광업>광산>석탄>갈탄"}},{"type":"Feature","geometry":{"type":"Point","coordinates":[130.043926744085,42.963767085399]},"properties":{"id":297741,"name":"왕재산혁명박물관","category":"문화/예술>문화>전시관>박물관"}},{"type":"Feature","geometry":{"type":"Point","coordinates":[130.01262045565,42.9570794865566]},"properties":{"id":297764,"name":"온성읍","category":"사회>지명>행정구역(지명)>동읍리"}},{"type":"Feature","geometry":{"type":"Point","coordinates":[129.991606653934,42.9530040867922]},"properties":{"id":297792,"name":"온성역","category":"산업/경제>철도/지하철>철도>철도역"}},{"type":"Feature","geometry":{"type":"Point","coordinates":[129.860099054354,42.9586641995326]},"properties":{"id":297802,"name":"남양노동자구","category":"사회>지명>행정구역(지명)>동읍리"}},{"type":"Feature","geometry":{"type":"Point","coordinates":[129.872820819666,42.8386891024075]},"properties":{"id":297933,"name":"강안탄광","category":"산업/경제>광업>광산>석탄>갈탄"}},{"type":"Feature","geometry":{"type":"Point","coordinates":[130.039320855764,42.9294790587762]},"properties":{"id":298474,"name":"판교","category":"사회>지명>인문지명(자연지명)>마을(골)>기타"}},{"type":"Feature","geometry":{"type":"Point","coordinates":[130.056638738223,42.9559924621744]},"properties":{"id":298961,"name":"왕재산리","category":"사회>지명>행정구역(지명)>동읍리"}},{"type":"Feature","geometry":{"type":"Point","coordinates":[130.050040875699,42.9593548418444]},"properties":{"id":299017,"name":"흥남","category":"사회>지명>인문지명(자연지명)>마을(골)>기타"}},{"type":"Feature","geometry":{"type":"Point","coordinates":[130.1200709239,42.6870564377365]},"properties":{"id":299533,"name":"경흥군","category":"사회>지명>인문지명(자연지명)>옛지명"}},{"type":"Feature","geometry":{"type":"Point","coordinates":[130.393882225254,42.518522427767]},"properties":{"id":299941,"name":"학송역","category":"산업/경제>철도/지하철>철도>철도역"}},{"type":"Feature","geometry":{"type":"Point","coordinates":[129.311279104425,40.8077664190392]},"properties":{"id":301202,"name":"금성리","category":"사회>지명>행정구역(지명)>동읍리"}},{"type":"Feature","geometry":{"type":"Point","coordinates":[129.658283567608,40.8545418721281]},"properties":{"id":301459,"name":"무수단리","category":"사회>지명>행정구역(지명)>동읍리"}},{"type":"Feature","geometry":{"type":"Point","coordinates":[129.574194590116,40.8472535892539]},"properties":{"id":302293,"name":"구룡포","category":"사회>지명>인문지명(자연지명)>마을(골)>기타"}},{"type":"Feature","geometry":{"type":"Point","coordinates":[129.546747752961,41.804607400667]},"properties":{"id":302800,"name":"명간군","category":"사회>지명>인문지명(자연지명)>옛지명"}},{"type":"Feature","geometry":{"type":"Point","coordinates":[129.497424489572,41.2583825265281]},"properties":{"id":302815,"name":"화성화학공장","category":"산업/경제>중화학공업>화학공업>기타"}},{"type":"Feature","geometry":{"type":"Point","coordinates":[129.543678128965,41.8100408664985]},"properties":{"id":302830,"name":"화성읍","category":"사회>지명>행정구역(지명)>동읍리"}},{"type":"Feature","geometry":{"type":"Point","coordinates":[129.72286716812,41.2061541101642]},"properties":{"id":303008,"name":"양화항","category":"산업/경제>항만"}},{"type":"Feature","geometry":{"type":"Point","coordinates":[129.271344413779,41.1699374622205]},"properties":{"id":303768,"name":"쌍계사","category":"문화/예술>종교>불교"}},{"type":"Feature","geometry":{"type":"Point","coordinates":[128.171990824736,41.3088047315506]},"properties":{"id":304755,"name":"양강도","category":"사회>지명>행정구역(지명)>광역(직할시, 도, 특급시)"}},{"type":"Feature","geometry":{"type":"Point","coordinates":[128.058197203397,41.9807275141146]},"properties":{"id":304760,"name":"백두산","category":"환경>지질/지형>지형>주요 산지"}},{"type":"Feature","geometry":{"type":"Point","coordinates":[128.235083429043,41.3497371017282]},"properties":{"id":304761,"name":"혜산시","category":"사회>지명>행정구역(지명)>시/군"}},{"type":"Feature","geometry":{"type":"Point","coordinates":[128.370937032764,41.1144472076042]},"properties":{"id":304766,"name":"갑산군","category":"사회>지명>행정구역(지명)>시/군"}},{"type":"Feature","geometry":{"type":"Point","coordinates":[127.634884685781,41.2619198910413]},"properties":{"id":304771,"name":"김정숙군","category":"사회>지명>행정구역(지명)>시/군"}},{"type":"Feature","geometry":{"type":"Point","coordinates":[128.07911803535,40.6880010553174]},"properties":{"id":304775,"name":"김형권군","category":"사회>지명>행정구역(지명)>시/군"}},{"type":"Feature","geometry":{"type":"Point","coordinates":[127.227472497139,41.37736666076]},"properties":{"id":304777,"name":"김형직군","category":"사회>지명>행정구역(지명)>시/군"}},{"type":"Feature","geometry":{"type":"Point","coordinates":[128.719978133608,41.9444957096828]},"properties":{"id":304785,"name":"대홍단군","category":"사회>지명>행정구역(지명)>시/군"}},{"type":"Feature","geometry":{"type":"Point","coordinates":[128.805907417637,41.5442125899318]},"properties":{"id":304786,"name":"백암군","category":"사회>지명>행정구역(지명)>시/군"}},{"type":"Feature","geometry":{"type":"Point","coordinates":[128.478540070963,41.5674915685746]},"properties":{"id":304787,"name":"보천군","category":"사회>지명>행정구역(지명)>시/군"}},{"type":"Feature","geometry":{"type":"Point","coordinates":[127.983130298559,41.2170324635663]},"properties":{"id":304792,"name":"삼수군","category":"사회>지명>행정구역(지명)>시/군"}},{"type":"Feature","geometry":{"type":"Point","coordinates":[128.317032784244,41.8001227574463]},"properties":{"id":304796,"name":"삼지연군","category":"사회>지명>행정구역(지명)>시/군"}},{"type":"Feature","geometry":{"type":"Point","coordinates":[128.53332482371,41.2967511380889]},"properties":{"id":304797,"name":"운흥군","category":"사회>지명>행정구역(지명)>시/군"}},{"type":"Feature","geometry":{"type":"Point","coordinates":[127.943257543729,40.8826866293815]},"properties":{"id":304800,"name":"풍서군","category":"사회>지명>행정구역(지명)>시/군"}},{"type":"Feature","geometry":{"type":"Point","coordinates":[128.170745139464,41.3139316258207]},"properties":{"id":304815,"name":"개마고원","category":"환경>지질/지형>지형>평지"}},{"type":"Feature","geometry":{"type":"Point","coordinates":[128.171753354321,41.3075466024808]},"properties":{"id":304831,"name":"백두고원","category":"환경>지질/지형>지형>평지"}},{"type":"Feature","geometry":{"type":"Point","coordinates":[125.15971867351,40.5956489476543]},"properties":{"id":304848,"name":"압록강","category":"환경>수문>주요 강"}},{"type":"Feature","geometry":{"type":"Point","coordinates":[128.16655500115,41.8923796820579]},"properties":{"id":304866,"name":"간백산","category":"환경>지질/지형>지형>주요 산지"}},{"type":"Feature","geometry":{"type":"Point","coordinates":[128.319250865645,42.0104305196602]},"properties":{"id":304876,"name":"남포태산","category":"환경>지질/지형>지형>주요 산지"}},{"type":"Feature","geometry":{"type":"Point","coordinates":[128.196239872568,41.9658092850415]},"properties":{"id":304894,"name":"무두봉","category":"환경>지질/지형>지형>주요 산지"}},{"type":"Feature","geometry":{"type":"Point","coordinates":[128.236804969989,41.3487692913218]},"properties":{"id":304897,"name":"무포","category":"환경>수문>주요 하천"}},{"type":"Feature","geometry":{"type":"Point","coordinates":[128.431243728159,41.8020881225281]},"properties":{"id":304910,"name":"북포태산","category":"환경>지질/지형>지형>주요 산지"}},{"type":"Feature","geometry":{"type":"Point","coordinates":[128.336402470908,41.8314376256354]},"properties":{"id":304916,"name":"삼지연","category":"환경>수문>기타"}},{"type":"Feature","geometry":{"type":"Point","coordinates":[128.422783636893,41.6912874978118]},"properties":{"id":304941,"name":"장군봉","category":"환경>지질/지형>지형>주요 산지"}},{"type":"Feature","geometry":{"type":"Point","coordinates":[128.153762250177,41.8568911124989]},"properties":{"id":304943,"name":"정일봉","category":"환경>지질/지형>지형>주요 산지"}},{"type":"Feature","geometry":{"type":"Point","coordinates":[128.214310082764,41.7467209363626]},"properties":{"id":304946,"name":"청봉","category":"환경>지질/지형>지형>주요 산지"}},{"type":"Feature","geometry":{"type":"Point","coordinates":[127.870115016336,40.7312356290438]},"properties":{"id":304957,"name":"향도봉","category":"환경>지질/지형>지형>주요 산지"}},{"type":"Feature","geometry":{"type":"Point","coordinates":[128.160246967825,41.3917342951721]},"properties":{"id":305014,"name":"위연제재공장","category":"산업/경제>경공업/IT>잡업(잡화)"}},{"type":"Feature","geometry":{"type":"Point","coordinates":[128.159569946969,41.3912491202967]},"properties":{"id":305018,"name":"혜산방직공장","category":"산업/경제>경공업/IT>섬유공업>방직공업"}},{"type":"Feature","geometry":{"type":"Point","coordinates":[128.158935181372,41.3883945341085]},"properties":{"id":305020,"name":"혜산신발공장","category":"산업/경제>경공업/IT>신발공업"}},{"type":"Feature","geometry":{"type":"Point","coordinates":[128.160748584756,41.3655539972077]},"properties":{"id":305023,"name":"혜산청년광산","category":"산업/경제>광업>광산>금속>동"}},{"type":"Feature","geometry":{"type":"Point","coordinates":[128.19700488182,41.3927606594948]},"properties":{"id":305027,"name":"김정숙사범대학","category":"사회>교육/연구>교육기관>고등교육>단과대학"}},{"type":"Feature","geometry":{"type":"Point","coordinates":[128.180529759866,41.4031802497639]},"properties":{"id":305034,"name":"혜산농림대학","category":"사회>교육/연구>교육기관>고등교육>단과대학"}},{"type":"Feature","geometry":{"type":"Point","coordinates":[128.179442847786,41.4045388066551]},"properties":{"id":305036,"name":"혜산시인민경기장","category":"문화/예술>체육>체육시설>실외"}},{"type":"Feature","geometry":{"type":"Point","coordinates":[128.130611098515,41.3791055849089]},"properties":{"id":305050,"name":"강구역","category":"산업/경제>철도/지하철>철도>철도역"}},{"type":"Feature","geometry":{"type":"Point","coordinates":[128.177831074688,41.4034470119045]},"properties":{"id":305300,"name":"보천보전투승리기념탑","category":"문화/예술>문화재>유적>탑과부도"}},{"type":"Feature","geometry":{"type":"Point","coordinates":[128.169127962409,41.3972418070554]},"properties":{"id":305323,"name":"혜산청년역","category":"산업/경제>철도/지하철>철도>철도역"}},{"type":"Feature","geometry":{"type":"Point","coordinates":[128.378924106291,41.1126591021455]},"properties":{"id":305823,"name":"허천","category":"사회>지명>인문지명(자연지명)>옛지명"}},{"type":"Feature","geometry":{"type":"Point","coordinates":[127.642954497251,41.2634598377516]},"properties":{"id":307720,"name":"신파군","category":"사회>지명>인문지명(자연지명)>옛지명"}},{"type":"Feature","geometry":{"type":"Point","coordinates":[127.768119436293,41.4188645491036]},"properties":{"id":307819,"name":"신파읍","category":"사회>지명>인문지명(자연지명)>옛지명"}},{"type":"Feature","geometry":{"type":"Point","coordinates":[128.080181633041,40.686469283022]},"properties":{"id":309501,"name":"풍산군","category":"사회>지명>인문지명(자연지명)>옛지명"}},{"type":"Feature","geometry":{"type":"Point","coordinates":[128.195037929262,40.6642493537699]},"properties":{"id":310501,"name":"파발리","category":"사회>지명>행정구역(지명)>동읍리"}},{"type":"Feature","geometry":{"type":"Point","coordinates":[127.263095327731,41.2916607404619]},"properties":{"id":310707,"name":"김성주학생소년궁전","category":"사회>교육/연구>교육기관>기타>소년궁전"}},{"type":"Feature","geometry":{"type":"Point","coordinates":[127.264063813143,41.2941936606507]},"properties":{"id":310901,"name":"남사강","category":"환경>수문>주요 하천"}},{"type":"Feature","geometry":{"type":"Point","coordinates":[128.722178656623,41.9384398975826]},"properties":{"id":312081,"name":"대홍단군종합농장","category":"산업/경제>농축수산업>농업>농업사업소"}},{"type":"Feature","geometry":{"type":"Point","coordinates":[128.683794341769,41.9481400773504]},"properties":{"id":312242,"name":"무산지구전투승리기념탑","category":"문화/예술>문화재>유적>탑과부도"}},{"type":"Feature","geometry":{"type":"Point","coordinates":[128.831278701957,41.6120245692146]},"properties":{"id":312320,"name":"남계광산","category":"산업/경제>광업>광산>비금속>마그네사이트"}},{"type":"Feature","geometry":{"type":"Point","coordinates":[128.801144609337,41.2437112429984]},"properties":{"id":312674,"name":"백암청년역","category":"산업/경제>철도/지하철>철도>철도역"}},{"type":"Feature","geometry":{"type":"Point","coordinates":[128.842275401458,41.4547452709235]},"properties":{"id":313249,"name":"서두리","category":"사회>지명>행정구역(지명)>동읍리"}},{"type":"Feature","geometry":{"type":"Point","coordinates":[128.298352322637,41.5197223467408]},"properties":{"id":313579,"name":"보천보혁명박물관","category":"문화/예술>문화>전시관>박물관"}},{"type":"Feature","geometry":{"type":"Point","coordinates":[128.441945499287,41.7376459801642]},"properties":{"id":313580,"name":"보천보성","category":"문화/예술>문화재>유적>터"}},{"type":"Feature","geometry":{"type":"Point","coordinates":[128.30173285071,41.5092077963412]},"properties":{"id":313589,"name":"보천읍","category":"사회>지명>행정구역(지명)>동읍리"}},{"type":"Feature","geometry":{"type":"Point","coordinates":[128.307060097735,41.802932054446]},"properties":{"id":316128,"name":"삼지연스키장","category":"문화/예술>관광>위락시설>기타"}},{"type":"Feature","geometry":{"type":"Point","coordinates":[128.351851889231,41.8403146971956]},"properties":{"id":316129,"name":"삼지연혁명전적지답사숙영소","category":"산업/경제>서비스업>숙박/요식>여관"}},{"type":"Feature","geometry":{"type":"Point","coordinates":[128.316824806538,41.9694640534252]},"properties":{"id":316130,"name":"정일봉중학교","category":"사회>교육/연구>교육기관>중등교육"}},{"type":"Feature","geometry":{"type":"Point","coordinates":[128.146945032306,41.822481206247]},"properties":{"id":316132,"name":"사자봉밀영","category":"문화/예술>문화재>유적>유물산포지(유물산분포지역)"}},{"type":"Feature","geometry":{"type":"Point","coordinates":[128.315760906075,41.8002368097172]},"properties":{"id":316153,"name":"삼지연읍","category":"사회>지명>행정구역(지명)>동읍리"}},{"type":"Feature","geometry":{"type":"Point","coordinates":[128.336402470908,41.8314376256354]},"properties":{"id":316168,"name":"삼지연","category":"환경>수문>기타"}},{"type":"Feature","geometry":{"type":"Point","coordinates":[128.250588903623,41.6792555745352]},"properties":{"id":316193,"name":"이명수노동자구","category":"사회>지명>행정구역(지명)>동읍리"}},{"type":"Feature","geometry":{"type":"Point","coordinates":[128.250398365112,41.7572369177161]},"properties":{"id":316242,"name":"청봉숙영지","category":"문화/예술>문화재>유적>유물산포지(유물산분포지역)"}},{"type":"Feature","geometry":{"type":"Point","coordinates":[128.541471592451,41.9891556155853]},"properties":{"id":316254,"name":"무봉노동자구","category":"사회>지명>행정구역(지명)>동읍리"}},{"type":"Feature","geometry":{"type":"Point","coordinates":[128.511200242042,41.968120260044]},"properties":{"id":316267,"name":"무포숙영지","category":"문화/예술>문화재>유적>유물산포지(유물산분포지역)"}},{"type":"Feature","geometry":{"type":"Point","coordinates":[128.124458558742,41.8375967796389]},"properties":{"id":316294,"name":"간백산밀영","category":"문화/예술>문화재>유적>유물산포지(유물산분포지역)"}},{"type":"Feature","geometry":{"type":"Point","coordinates":[128.116127302061,41.835147113737]},"properties":{"id":316297,"name":"곰산밀영","category":"문화/예술>문화재>유적>유물산포지(유물산분포지역)"}},{"type":"Feature","geometry":{"type":"Point","coordinates":[128.125871213836,41.859163753238]},"properties":{"id":316301,"name":"백두산밀영","category":"문화/예술>문화재>유적>유물산포지(유물산분포지역)"}},{"type":"Feature","geometry":{"type":"Point","coordinates":[128.12103095822,41.8783325123399]},"properties":{"id":316315,"name":"선오산밀영","category":"문화/예술>문화재>유적>유물산포지(유물산분포지역)"}},{"type":"Feature","geometry":{"type":"Point","coordinates":[128.28451056218,41.9809319412012]},"properties":{"id":316465,"name":"대각봉밀영","category":"문화/예술>문화재>유적>유물산포지(유물산분포지역)"}},{"type":"Feature","geometry":{"type":"Point","coordinates":[128.302485531614,41.9705712542435]},"properties":{"id":316469,"name":"무두봉밀영","category":"문화/예술>문화재>유적>유물산포지(유물산분포지역)"}},{"type":"Feature","geometry":{"type":"Point","coordinates":[128.175779273417,41.9263994586804]},"properties":{"id":316474,"name":"소연지봉밀영","category":"문화/예술>문화재>유적>유물산포지(유물산분포지역)"}},{"type":"Feature","geometry":{"type":"Point","coordinates":[128.425531126772,41.9736055684081]},"properties":{"id":316476,"name":"쌍두봉밀영","category":"문화/예술>문화재>유적>유물산포지(유물산분포지역)"}},{"type":"Feature","geometry":{"type":"Point","coordinates":[128.336287096101,41.6616666499555]},"properties":{"id":316693,"name":"포태","category":"사회>지명>인문지명(자연지명)>마을(골)>기타"}},{"type":"Feature","geometry":{"type":"Point","coordinates":[128.322706401307,41.6656861825165]},"properties":{"id":316695,"name":"포태리","category":"사회>지명>인문지명(자연지명)>옛지명"}},{"type":"Feature","geometry":{"type":"Point","coordinates":[128.499011031898,41.3041412714247]},"properties":{"id":316750,"name":"운총강","category":"환경>수문>주요 강"}},{"type":"Feature","geometry":{"type":"Point","coordinates":[128.368808171381,41.383052653379]},"properties":{"id":316762,"name":"운흥제련소","category":"산업/경제>중화학공업>금속공업>철강공업"}},{"type":"Feature","geometry":{"type":"Point","coordinates":[128.505980737384,41.2966051050338]},"properties":{"id":316834,"name":"평남","category":"사회>지명>인문지명(자연지명)>마을(골)>기타"}},{"type":"Feature","geometry":{"type":"Point","coordinates":[128.336402470908,41.8314376256354]},"properties":{"id":319442,"name":"삼지연","category":"환경>천연기념물"}},{"type":"Feature","geometry":{"type":"Point","coordinates":[128.059370818979,42.0052991938035]},"properties":{"id":319445,"name":"백두산천지","category":"환경>천연기념물"}},{"type":"Feature","geometry":{"type":"Point","coordinates":[125.914255686888,39.0732906906849]},"properties":{"id":319482,"name":"평양직할시","category":"사회>지명>행정구역(지명)>광역(직할시, 도, 특급시)"}},{"type":"Feature","geometry":{"type":"Point","coordinates":[125.76719790512,39.0472887521318]},"properties":{"id":319609,"name":"금수산","category":"환경>지질/지형>지형>주요 산지"}},{"type":"Feature","geometry":{"type":"Point","coordinates":[125.628743014295,38.6662509494359]},"properties":{"id":319617,"name":"대동강","category":"환경>수문>주요 강"}},{"type":"Feature","geometry":{"type":"Point","coordinates":[126.137491417317,39.0973926833071]},"properties":{"id":319632,"name":"만수대","category":"환경>지질/지형>지형>주요 산지"}},{"type":"Feature","geometry":{"type":"Point","coordinates":[125.75589647586,39.0378434782915]},"properties":{"id":319634,"name":"모란봉","category":"환경>지질/지형>지형>주요 산지"}},{"type":"Feature","geometry":{"type":"Point","coordinates":[126.05164573431,38.7873879130112]},"properties":{"id":319640,"name":"문포천","category":"환경>수문>주요 하천"}},{"type":"Feature","geometry":{"type":"Point","coordinates":[125.691947165985,39.0936244760694]},"properties":{"id":319648,"name":"보통강","category":"환경>수문>주요 강"}},{"type":"Feature","geometry":{"type":"Point","coordinates":[125.75926960464,39.0410908085998]},"properties":{"id":319667,"name":"을밀대","category":"환경>지질/지형>지형>주요 산지"}},{"type":"Feature","geometry":{"type":"Point","coordinates":[125.794491157797,39.0306842498062]},"properties":{"id":319777,"name":"대동강구역","category":"사회>지명>행정구역(지명)>구/구역"}},{"type":"Feature","geometry":{"type":"Point","coordinates":[125.795198676929,39.0250620025682]},"properties":{"id":319784,"name":"문수거리","category":"사회>지명>인문지명(자연지명)>거리"}},{"type":"Feature","geometry":{"type":"Point","coordinates":[125.776945042392,39.0325947908145]},"properties":{"id":319789,"name":"과학자여관","category":"산업/경제>서비스업>숙박/요식>여관"}},{"type":"Feature","geometry":{"type":"Point","coordinates":[125.782460607229,39.0316802530262]},"properties":{"id":319791,"name":"대성백화점","category":"산업/경제>서비스업>유통(상업)>백화점"}},{"type":"Feature","geometry":{"type":"Point","coordinates":[125.812490006737,39.0267637921497]},"properties":{"id":319794,"name":"즉석국수공장","category":"산업/경제>경공업/IT>식료품공업"}},{"type":"Feature","geometry":{"type":"Point","coordinates":[125.78130950006,39.0282192252697]},"properties":{"id":319795,"name":"고려의학종합병원","category":"사회>보건>의료>3차진료기관"}},{"type":"Feature","geometry":{"type":"Point","coordinates":[125.785552335164,39.031516261636]},"properties":{"id":319797,"name":"김만유병원","category":"사회>보건>의료>4차진료기관"}},{"type":"Feature","geometry":{"type":"Point","coordinates":[125.770261622259,39.0305080730542]},"properties":{"id":319798,"name":"동평양대극장","category":"문화/예술>예술>연극영화>극장"}},{"type":"Feature","geometry":{"type":"Point","coordinates":[125.802559238409,39.0142462217]},"properties":{"id":319799,"name":"문수유희장","category":"문화/예술>관광>위락시설>유원지"}},{"type":"Feature","geometry":{"type":"Point","coordinates":[125.79830739149,39.0300173959615]},"properties":{"id":319800,"name":"인민경제대학","category":"사회>교육/연구>교육기관>고등교육>단과대학"}},{"type":"Feature","geometry":{"type":"Point","coordinates":[125.812440043162,39.0207356019698]},"properties":{"id":319801,"name":"중앙광업연구소","category":"사회>교육/연구>연구기관>인문,사회"}},{"type":"Feature","geometry":{"type":"Point","coordinates":[125.768738828054,39.0271696854943]},"properties":{"id":319802,"name":"청년중앙회관","category":"문화/예술>문화>청년회관"}},{"type":"Feature","geometry":{"type":"Point","coordinates":[125.816024409199,39.0224123318461]},"properties":{"id":319803,"name":"평양건설건재대학","category":"사회>교육/연구>교육기관>고등교육>단과대학"}},{"type":"Feature","geometry":{"type":"Point","coordinates":[125.785478655657,39.0250757700019]},"properties":{"id":319804,"name":"평양기계대학","category":"사회>교육/연구>교육기관>고등교육>단과대학"}},{"type":"Feature","geometry":{"type":"Point","coordinates":[125.768423398954,39.0254404016779]},"properties":{"id":319805,"name":"평양볼링관","category":"문화/예술>체육>체육시설>기타"}},{"type":"Feature","geometry":{"type":"Point","coordinates":[125.780351884501,39.0239141104872]},"properties":{"id":319806,"name":"평양산원","category":"사회>보건>의료>1차진료기관"}},{"type":"Feature","geometry":{"type":"Point","coordinates":[125.790159145506,39.0196308244265]},"properties":{"id":319808,"name":"평양음악무용대학","category":"사회>교육/연구>교육기관>고등교육>단과대학"}},{"type":"Feature","geometry":{"type":"Point","coordinates":[125.785496469934,39.0173138192274]},"properties":{"id":319845,"name":"문수동","category":"사회>지명>인문지명(자연지명)>옛지명"}},{"type":"Feature","geometry":{"type":"Point","coordinates":[125.822215109454,39.0599833299003]},"properties":{"id":319923,"name":"대성구역","category":"사회>지명>행정구역(지명)>구/구역"}},{"type":"Feature","geometry":{"type":"Point","coordinates":[125.818689894961,39.0621544495971]},"properties":{"id":319928,"name":"금릉2호동굴","category":"환경>지질/지형>지형>동굴"}},{"type":"Feature","geometry":{"type":"Point","coordinates":[125.836341225791,39.0747872680225]},"properties":{"id":319929,"name":"대성산","category":"환경>지질/지형>지형>주요 산지"}},{"type":"Feature","geometry":{"type":"Point","coordinates":[125.797389622719,39.0530006634773]},"properties":{"id":319933,"name":"용남산","category":"환경>지질/지형>지형>주요 산지"}},{"type":"Feature","geometry":{"type":"Point","coordinates":[125.772378666977,39.0447328247892]},"properties":{"id":319946,"name":"청류다리","category":"산업/경제>도로>다리"}},{"type":"Feature","geometry":{"type":"Point","coordinates":[125.79124871836,39.0719820141479]},"properties":{"id":319947,"name":"합장강","category":"환경>수문>주요 강"}},{"type":"Feature","geometry":{"type":"Point","coordinates":[125.770863765539,39.0693102936251]},"properties":{"id":319970,"name":"평양고등교육도서인쇄공장","category":"사회>언론>출판>인쇄공장"}},{"type":"Feature","geometry":{"type":"Point","coordinates":[125.719756799486,39.010566354744]},"properties":{"id":319971,"name":"평양화장품공장","category":"산업/경제>경공업/IT>잡업(잡화)"}},{"type":"Feature","geometry":{"type":"Point","coordinates":[125.768134379024,39.0584974978037]},"properties":{"id":319974,"name":"김일성종합대학","category":"사회>교육/연구>교육기관>고등교육>종합대학"}},{"type":"Feature","geometry":{"type":"Point","coordinates":[125.768600088965,39.0565022918169]},"properties":{"id":319975,"name":"김일성종합대학과학도서관","category":"문화/예술>문화>도서관"}},{"type":"Feature","geometry":{"type":"Point","coordinates":[125.764808553281,39.0570495640329]},"properties":{"id":319976,"name":"김일성종합대학체육관","category":"문화/예술>체육>체육시설>실내"}},{"type":"Feature","geometry":{"type":"Point","coordinates":[125.830309760468,39.0760148334105]},"properties":{"id":319977,"name":"대성산유원지","category":"문화/예술>관광>위락시설>유원지"}},{"type":"Feature","geometry":{"type":"Point","coordinates":[125.831300822366,39.0764973618749]},"properties":{"id":319978,"name":"대성산유희장","category":"문화/예술>관광>위락시설>유원지"}},{"type":"Feature","geometry":{"type":"Point","coordinates":[125.801075639402,39.0618601549069]},"properties":{"id":319980,"name":"산림과학분원","category":"사회>교육/연구>연구기관>과학,공학"}},{"type":"Feature","geometry":{"type":"Point","coordinates":[125.801249378024,39.0615282973803]},"properties":{"id":319982,"name":"식물학연구소","category":"사회>교육/연구>연구기관>인문,사회"}},{"type":"Feature","geometry":{"type":"Point","coordinates":[125.816109941756,39.0747423446044]},"properties":{"id":319984,"name":"중앙동물원","category":"문화/예술>관광>위락시설>동물원"}},{"type":"Feature","geometry":{"type":"Point","coordinates":[125.816634763974,39.0683238455768]},"properties":{"id":319985,"name":"중앙식물원","category":"문화/예술>관광>위락시설>식물원"}},{"type":"Feature","geometry":{"type":"Point","coordinates":[125.769105181468,39.0661551442877]},"properties":{"id":319986,"name":"평양외국어대학","category":"사회>교육/연구>교육기관>고등교육>단과대학"}},{"type":"Feature","geometry":{"type":"Point","coordinates":[125.821038034003,39.0611733642074]},"properties":{"id":319987,"name":"평양천문대","category":"사회>교육/연구>연구기관>과학,공학"}},{"type":"Feature","geometry":{"type":"Point","coordinates":[125.826778377937,39.0915575181875]},"properties":{"id":319993,"name":"광법사","category":"문화/예술>종교>불교"}},{"type":"Feature","geometry":{"type":"Point","coordinates":[125.805870486449,39.0785416976389]},"properties":{"id":320051,"name":"구룡연","category":"환경>수문>기타"}},{"type":"Feature","geometry":{"type":"Point","coordinates":[125.809826038566,39.0862386722203]},"properties":{"id":320076,"name":"미천호","category":"환경>수문>기타"}},{"type":"Feature","geometry":{"type":"Point","coordinates":[125.823340716669,39.0457116801836]},"properties":{"id":320143,"name":"신미리","category":"사회>지명>인문지명(자연지명)>마을(골)>기타"}},{"type":"Feature","geometry":{"type":"Point","coordinates":[125.873716661087,39.0703945254385]},"properties":{"id":320226,"name":"삼신탄광","category":"산업/경제>광업>광산>석탄>무연탄"}},{"type":"Feature","geometry":{"type":"Point","coordinates":[125.78700654035,39.0137400131014]},"properties":{"id":320231,"name":"동대원구역","category":"사회>지명>행정구역(지명)>구/구역"}},{"type":"Feature","geometry":{"type":"Point","coordinates":[125.763566975649,39.0176660425874]},"properties":{"id":320239,"name":"주체사상탑","category":"문화/예술>문화재>유적>탑과부도"}},{"type":"Feature","geometry":{"type":"Point","coordinates":[125.788787355777,39.0101916223891]},"properties":{"id":320243,"name":"주체탑거리","category":"사회>지명>인문지명(자연지명)>거리"}},{"type":"Feature","geometry":{"type":"Point","coordinates":[125.799506807624,39.0155346430381]},"properties":{"id":320246,"name":"경련애국사이다공장","category":"산업/경제>경공업/IT>식료품공업"}},{"type":"Feature","geometry":{"type":"Point","coordinates":[125.776668370895,39.0115067881187]},"properties":{"id":320247,"name":"교육도서인쇄공장","category":"사회>언론>출판>인쇄공장"}},{"type":"Feature","geometry":{"type":"Point","coordinates":[125.795673490932,39.0191787376531]},"properties":{"id":320248,"name":"동대원피복공장","category":"산업/경제>경공업/IT>섬유공업>피복공업"}},{"type":"Feature","geometry":{"type":"Point","coordinates":[125.79710246149,39.0194249922584]},"properties":{"id":320249,"name":"모란봉합영회사","category":"산업/경제>경공업/IT>섬유공업>피복공업"}},{"type":"Feature","geometry":{"type":"Point","coordinates":[125.790789863108,39.0132244181841]},"properties":{"id":320250,"name":"평양신발공장","category":"산업/경제>경공업/IT>신발공업"}},{"type":"Feature","geometry":{"type":"Point","coordinates":[125.777670681146,39.020992695039]},"properties":{"id":320251,"name":"금성정치대학","category":"사회>교육/연구>교육기관>고등교육>단과대학"}},{"type":"Feature","geometry":{"type":"Point","coordinates":[125.767805229255,39.0228668396568]},"properties":{"id":320252,"name":"김일성고급당학교","category":"사회>교육/연구>교육기관>기타>당학교"}},{"type":"Feature","geometry":{"type":"Point","coordinates":[125.783084539478,39.009164034512]},"properties":{"id":320253,"name":"김형직사범대학","category":"사회>교육/연구>교육기관>고등교육>단과대학"}},{"type":"Feature","geometry":{"type":"Point","coordinates":[125.809866134939,39.0134384144196]},"properties":{"id":320255,"name":"조선로동당출판사","category":"사회>언론>출판>출판사"}},{"type":"Feature","geometry":{"type":"Point","coordinates":[125.776157995317,39.0108988621188]},"properties":{"id":320256,"name":"조선적십자종합병원","category":"사회>보건>의료>특수병원"}},{"type":"Feature","geometry":{"type":"Point","coordinates":[125.791063175459,39.0173568957634]},"properties":{"id":320257,"name":"조선체육대학","category":"사회>교육/연구>교육기관>고등교육>단과대학"}},{"type":"Feature","geometry":{"type":"Point","coordinates":[125.793962448817,39.0175037964522]},"properties":{"id":320260,"name":"평양미술대학","category":"사회>교육/연구>교육기관>고등교육>단과대학"}},{"type":"Feature","geometry":{"type":"Point","coordinates":[125.796426622853,39.0170557496531]},"properties":{"id":320261,"name":"평양연극영화대학","category":"사회>교육/연구>교육기관>고등교육>단과대학"}},{"type":"Feature","geometry":{"type":"Point","coordinates":[125.689585516766,38.9528667804539]},"properties":{"id":320329,"name":"낙랑구역","category":"사회>지명>행정구역(지명)>구/구역"}},{"type":"Feature","geometry":{"type":"Point","coordinates":[125.686187866765,38.9575754358223]},"properties":{"id":320343,"name":"통일거리","category":"사회>지명>인문지명(자연지명)>거리"}},{"type":"Feature","geometry":{"type":"Point","coordinates":[125.686465866344,38.9701345501362]},"properties":{"id":320344,"name":"동평양화력발전소","category":"산업/경제>전력>발전소>화력발전소"}},{"type":"Feature","geometry":{"type":"Point","coordinates":[125.656004032058,38.9702069046692]},"properties":{"id":320345,"name":"두단오리공장","category":"산업/경제>농축수산업>목축업>가축공장"}},{"type":"Feature","geometry":{"type":"Point","coordinates":[125.646719267643,38.9572596730902]},"properties":{"id":320346,"name":"낙랑종이공장","category":"산업/경제>경공업/IT>제지공업"}},{"type":"Feature","geometry":{"type":"Point","coordinates":[125.720127256591,38.9727915342963]},"properties":{"id":320348,"name":"메아리음향사","category":"산업/경제>경공업/IT>잡업(잡화)"}},{"type":"Feature","geometry":{"type":"Point","coordinates":[125.737406463382,38.983040962494]},"properties":{"id":320351,"name":"평양가죽이김공장","category":"산업/경제>경공업/IT>신발공업"}},{"type":"Feature","geometry":{"type":"Point","coordinates":[125.753211934643,38.9799355117058]},"properties":{"id":320352,"name":"평양금속건재공장","category":"산업/경제>중화학공업>건재공업>벽돌/건설자기"}},{"type":"Feature","geometry":{"type":"Point","coordinates":[125.725716768526,38.9764959673141]},"properties":{"id":320354,"name":"평양면옥","category":"산업/경제>서비스업>숙박/요식>식당(음식점)"}},{"type":"Feature","geometry":{"type":"Point","coordinates":[125.766783989121,38.927262646722]},"properties":{"id":320356,"name":"평양지성차봉사소","category":"산업/경제>중화학공업>자동차공업"}},{"type":"Feature","geometry":{"type":"Point","coordinates":[125.738195997015,38.9847710967763]},"properties":{"id":320359,"name":"구강종합병원","category":"사회>보건>의료>특수병원"}},{"type":"Feature","geometry":{"type":"Point","coordinates":[125.713033299858,38.980413852525]},"properties":{"id":320361,"name":"김보현대학","category":"사회>교육/연구>교육기관>고등교육>단과대학"}},{"type":"Feature","geometry":{"type":"Point","coordinates":[125.730766296772,38.9763650805155]},"properties":{"id":320363,"name":"민예전시관","category":"문화/예술>문화>전시관>박물관"}},{"type":"Feature","geometry":{"type":"Point","coordinates":[125.719680110718,38.9679707551247]},"properties":{"id":320364,"name":"조선인민군4.25예술영화촬영소","category":"문화/예술>예술>연극영화>영화촬영소"}},{"type":"Feature","geometry":{"type":"Point","coordinates":[125.736138225228,38.9506690935613]},"properties":{"id":320365,"name":"중앙미술창작사","category":"문화/예술>예술>단체>예술단"}},{"type":"Feature","geometry":{"type":"Point","coordinates":[125.721756585708,38.9806361651028]},"properties":{"id":320440,"name":"낙랑리","category":"사회>지명>인문지명(자연지명)>옛지명"}},{"type":"Feature","geometry":{"type":"Point","coordinates":[125.711648823518,38.9891904884435]},"properties":{"id":320781,"name":"쑥섬","category":"환경>지질/지형>지형>주요 도서(섬)"}},{"type":"Feature","geometry":{"type":"Point","coordinates":[125.707533878775,38.9918422255082]},"properties":{"id":320787,"name":"통일전선탑","category":"문화/예술>문화재>유적>탑과부도"}},{"type":"Feature","geometry":{"type":"Point","coordinates":[125.839572780901,38.9269239305044]},"properties":{"id":320791,"name":"역포구역","category":"사회>지명>행정구역(지명)>구/구역"}},{"type":"Feature","geometry":{"type":"Point","coordinates":[125.794201471624,38.9049888824969]},"properties":{"id":320798,"name":"9.27닭공장","category":"산업/경제>농축수산업>목축업>가축공장"}},{"type":"Feature","geometry":{"type":"Point","coordinates":[125.787395732089,38.948646882107]},"properties":{"id":320800,"name":"새날전기공장","category":"산업/경제>중화학공업>전기/전자공업>전기기기"}},{"type":"Feature","geometry":{"type":"Point","coordinates":[125.766108666287,38.888833152244]},"properties":{"id":320801,"name":"평양과수농장","category":"산업/경제>농축수산업>농업>농장"}},{"type":"Feature","geometry":{"type":"Point","coordinates":[125.923025868835,38.8950976036329]},"properties":{"id":320803,"name":"동명왕릉","category":"문화/예술>문화재>유적>능묘"}},{"type":"Feature","geometry":{"type":"Point","coordinates":[125.907502825741,39.0705884755918]},"properties":{"id":321311,"name":"용성구역","category":"사회>지명>행정구역(지명)>구/구역"}},{"type":"Feature","geometry":{"type":"Point","coordinates":[125.882133942445,39.1156196302686]},"properties":{"id":321326,"name":"용성고기가공공장","category":"산업/경제>경공업/IT>식료품공업"}},{"type":"Feature","geometry":{"type":"Point","coordinates":[125.851540524529,39.1160298472975]},"properties":{"id":321327,"name":"용성닭공장","category":"산업/경제>농축수산업>목축업>가축공장"}},{"type":"Feature","geometry":{"type":"Point","coordinates":[125.883541452738,39.1227286593483]},"properties":{"id":321329,"name":"마람배합사료공장","category":"산업/경제>경공업/IT>식료품공업"}},{"type":"Feature","geometry":{"type":"Point","coordinates":[125.883290668097,39.1120628682635]},"properties":{"id":321331,"name":"평양온실농장","category":"산업/경제>경공업/IT>식료품공업"}},{"type":"Feature","geometry":{"type":"Point","coordinates":[125.879720554247,39.1484388837978]},"properties":{"id":321332,"name":"농업과학연구원","category":"사회>교육/연구>연구기관>인문,사회"}},{"type":"Feature","geometry":{"type":"Point","coordinates":[125.875350998485,39.1172209110227]},"properties":{"id":321337,"name":"토양학연구소","category":"사회>교육/연구>연구기관>인문,사회"}},{"type":"Feature","geometry":{"type":"Point","coordinates":[125.748737903652,39.0951420106957]},"properties":{"id":321338,"name":"평양농업대학","category":"사회>교육/연구>교육기관>고등교육>단과대학"}},{"type":"Feature","geometry":{"type":"Point","coordinates":[125.784310784637,39.1002335180976]},"properties":{"id":321932,"name":"화성동","category":"사회>지명>행정구역(지명)>동읍리"}},{"type":"Feature","geometry":{"type":"Point","coordinates":[125.646731843536,39.0294368310223]},"properties":{"id":321983,"name":"만경대구역","category":"사회>지명>행정구역(지명)>구/구역"}},{"type":"Feature","geometry":{"type":"Point","coordinates":[125.613500126213,39.0332530778205]},"properties":{"id":321986,"name":"용악산","category":"환경>지질/지형>지형>주요 산지"}},{"type":"Feature","geometry":{"type":"Point","coordinates":[125.657765478192,39.0032697557181]},"properties":{"id":321987,"name":"만경봉","category":"환경>지질/지형>지형>주요 산지"}},{"type":"Feature","geometry":{"type":"Point","coordinates":[125.65148595077,39.0320589437106]},"properties":{"id":321994,"name":"광복거리","category":"사회>지명>인문지명(자연지명)>거리"}},{"type":"Feature","geometry":{"type":"Point","coordinates":[125.692143276761,39.0342178486155]},"properties":{"id":321996,"name":"광복백화점","category":"산업/경제>서비스업>유통(상업)>백화점"}},{"type":"Feature","geometry":{"type":"Point","coordinates":[125.646650243249,39.0465219484678]},"properties":{"id":321999,"name":"만경대닭공장","category":"산업/경제>농축수산업>목축업>가축공장"}},{"type":"Feature","geometry":{"type":"Point","coordinates":[125.695982270604,39.0316620727475]},"properties":{"id":322000,"name":"만경대렌트겐공장","category":"사회>보건>의료>기타"}},{"type":"Feature","geometry":{"type":"Point","coordinates":[125.669039933626,39.0270575335015]},"properties":{"id":322001,"name":"만경대영예군인만년필공장","category":"산업/경제>경공업/IT>잡업(잡화)"}},{"type":"Feature","geometry":{"type":"Point","coordinates":[125.692343656872,39.010653882606]},"properties":{"id":322002,"name":"서산호텔","category":"산업/경제>서비스업>숙박/요식>호텔"}},{"type":"Feature","geometry":{"type":"Point","coordinates":[125.681431995568,39.0257736945468]},"properties":{"id":322004,"name":"청년호텔","category":"산업/경제>서비스업>숙박/요식>호텔"}},{"type":"Feature","geometry":{"type":"Point","coordinates":[125.64932877128,39.0258889586979]},"properties":{"id":322007,"name":"평양밀가루종합가공공장","category":"산업/경제>경공업/IT>식료품공업"}},{"type":"Feature","geometry":{"type":"Point","coordinates":[125.660586286386,39.0271360098026]},"properties":{"id":322008,"name":"평양알루미늄제품공장","category":"산업/경제>경공업/IT>잡업(잡화)"}},{"type":"Feature","geometry":{"type":"Point","coordinates":[125.671692957313,39.0290072520929]},"properties":{"id":322012,"name":"강반석중학교","category":"사회>교육/연구>교육기관>중등교육"}},{"type":"Feature","geometry":{"type":"Point","coordinates":[125.670905319499,39.0306350376082]},"properties":{"id":322013,"name":"강반석유자녀대학","category":"사회>교육/연구>교육기관>고등교육>단과대학"}},{"type":"Feature","geometry":{"type":"Point","coordinates":[125.68658780323,39.01291730357]},"properties":{"id":322014,"name":"경경기관","category":"문화/예술>체육>체육시설>실내"}},{"type":"Feature","geometry":{"type":"Point","coordinates":[125.663093287092,39.0108935174032]},"properties":{"id":322017,"name":"금성제1중학교","category":"사회>교육/연구>교육기관>중등교육"}},{"type":"Feature","geometry":{"type":"Point","coordinates":[125.683285048479,39.0136805976643]},"properties":{"id":322018,"name":"역기경기관","category":"문화/예술>체육>체육시설>실내"}},{"type":"Feature","geometry":{"type":"Point","coordinates":[125.684288361744,39.0115346862904]},"properties":{"id":322019,"name":"농구경기관","category":"문화/예술>체육>체육시설>실내"}},{"type":"Feature","geometry":{"type":"Point","coordinates":[125.652697470081,38.9971269333061]},"properties":{"id":322022,"name":"만경대물놀이장","category":"문화/예술>관광>위락시설>유원지"}},{"type":"Feature","geometry":{"type":"Point","coordinates":[125.652558650971,38.9978055471774]},"properties":{"id":322023,"name":"만경대유희장","category":"문화/예술>관광>위락시설>유원지"}},{"type":"Feature","geometry":{"type":"Point","coordinates":[125.625325915185,39.0304466624489]},"properties":{"id":322024,"name":"만경대소년단야영소","category":"문화/예술>문화>야영지"}},{"type":"Feature","geometry":{"type":"Point","coordinates":[125.658760987073,39.0139044885077]},"properties":{"id":322025,"name":"만경대학생소년궁전","category":"사회>교육/연구>교육기관>기타>소년궁전"}},{"type":"Feature","geometry":{"type":"Point","coordinates":[125.656828014114,38.9929267172183]},"properties":{"id":322026,"name":"만경대혁명사적관","category":"문화/예술>문화>기타"}},{"type":"Feature","geometry":{"type":"Point","coordinates":[125.664018471047,38.9976508724055]},"properties":{"id":322027,"name":"만경대혁명학원","category":"사회>교육/연구>교육기관>고등교육>전문학교"}},{"type":"Feature","geometry":{"type":"Point","coordinates":[125.683570975756,39.0096908633298]},"properties":{"id":322028,"name":"메아리사격관","category":"문화/예술>체육>체육시설>실내"}},{"type":"Feature","geometry":{"type":"Point","coordinates":[125.683151356619,39.0108228970716]},"properties":{"id":322030,"name":"배구경기관","category":"문화/예술>체육>체육시설>실내"}},{"type":"Feature","geometry":{"type":"Point","coordinates":[125.655893982041,39.0173537852211]},"properties":{"id":322031,"name":"4.15소년백화원","category":"문화/예술>관광>위락시설>공원"}},{"type":"Feature","geometry":{"type":"Point","coordinates":[125.652898015619,39.0317663131662]},"properties":{"id":322032,"name":"삼흥중학교","category":"사회>교육/연구>교육기관>중등교육"}},{"type":"Feature","geometry":{"type":"Point","coordinates":[125.691268572632,39.0052575752684]},"properties":{"id":322034,"name":"서산축구경기장","category":"문화/예술>체육>체육시설>실외"}},{"type":"Feature","geometry":{"type":"Point","coordinates":[125.688935989839,39.0090125163498]},"properties":{"id":322035,"name":"송구경기관","category":"문화/예술>체육>체육시설>실내"}},{"type":"Feature","geometry":{"type":"Point","coordinates":[125.685573176802,39.0140974596328]},"properties":{"id":322038,"name":"중경기관","category":"문화/예술>체육>체육시설>실내"}},{"type":"Feature","geometry":{"type":"Point","coordinates":[125.678957749863,39.0328314450782]},"properties":{"id":322039,"name":"창덕학교","category":"사회>교육/연구>교육기관>초등교육"}},{"type":"Feature","geometry":{"type":"Point","coordinates":[125.687941970253,39.0104143527587]},"properties":{"id":322040,"name":"탁구경기관","category":"문화/예술>체육>체육시설>실내"}},{"type":"Feature","geometry":{"type":"Point","coordinates":[125.68158194166,39.0186864842266]},"properties":{"id":322041,"name":"태권도전당","category":"문화/예술>체육>체육시설>실내"}},{"type":"Feature","geometry":{"type":"Point","coordinates":[125.686246111429,39.0280801737934]},"properties":{"id":322042,"name":"평양교예극장","category":"문화/예술>예술>연극영화>극장"}},{"type":"Feature","geometry":{"type":"Point","coordinates":[125.685217320562,39.0279605897999]},"properties":{"id":322043,"name":"평양교예단","category":"문화/예술>예술>단체>예술단체"}},{"type":"Feature","geometry":{"type":"Point","coordinates":[125.685959855654,39.0281906524942]},"properties":{"id":322044,"name":"평양교예학원","category":"사회>교육/연구>교육기관>고등교육>전문학교"}},{"type":"Feature","geometry":{"type":"Point","coordinates":[125.607627687031,38.9854488764812]},"properties":{"id":322179,"name":"대평동","category":"사회>지명>행정구역(지명)>동읍리"}},{"type":"Feature","geometry":{"type":"Point","coordinates":[125.649851413205,39.031778824606]},"properties":{"id":322508,"name":"청춘거리","category":"사회>지명>인문지명(자연지명)>거리"}},{"type":"Feature","geometry":{"type":"Point","coordinates":[125.692506122935,39.0360194350676]},"properties":{"id":322552,"name":"팔골동","category":"사회>지명>인문지명(자연지명)>옛지명"}},{"type":"Feature","geometry":{"type":"Point","coordinates":[125.752059273861,39.0481393311663]},"properties":{"id":322686,"name":"모란봉구역","category":"사회>지명>행정구역(지명)>구/구역"}},{"type":"Feature","geometry":{"type":"Point","coordinates":[125.742886042209,39.03817850348]},"properties":{"id":322689,"name":"만수교","category":"산업/경제>도로>다리"}},{"type":"Feature","geometry":{"type":"Point","coordinates":[125.753384464563,39.0542333842069]},"properties":{"id":322698,"name":"용흥네거리","category":"사회>지명>인문지명(자연지명)>거리"}},{"type":"Feature","geometry":{"type":"Point","coordinates":[125.752338514569,39.053276439469]},"properties":{"id":322703,"name":"비파거리","category":"사회>지명>인문지명(자연지명)>거리"}},{"type":"Feature","geometry":{"type":"Point","coordinates":[125.75809997422,39.0448711387581]},"properties":{"id":322704,"name":"안상택거리","category":"사회>지명>인문지명(자연지명)>거리"}},{"type":"Feature","geometry":{"type":"Point","coordinates":[125.755588863868,39.042502487855]},"properties":{"id":322705,"name":"영웅거리","category":"사회>지명>인문지명(자연지명)>거리"}},{"type":"Feature","geometry":{"type":"Point","coordinates":[125.752637444804,39.0426273664557]},"properties":{"id":322713,"name":"서평양백화점","category":"산업/경제>서비스업>유통(상업)>백화점"}},{"type":"Feature","geometry":{"type":"Point","coordinates":[125.75275138115,39.0474737753361]},"properties":{"id":322714,"name":"애국모란피복공장","category":"산업/경제>경공업/IT>섬유공업>피복공업"}},{"type":"Feature","geometry":{"type":"Point","coordinates":[125.753129322606,39.0445518413747]},"properties":{"id":322718,"name":"개선문","category":"문화/예술>문화재>유적>건물"}},{"type":"Feature","geometry":{"type":"Point","coordinates":[125.751964973258,39.0432324453561]},"properties":{"id":322719,"name":"개선영화관","category":"문화/예술>예술>연극영화>영화관"}},{"type":"Feature","geometry":{"type":"Point","coordinates":[125.757224551813,39.0477907986288]},"properties":{"id":322720,"name":"개선청년공원","category":"문화/예술>관광>위락시설>공원"}},{"type":"Feature","geometry":{"type":"Point","coordinates":[125.757839957296,39.043919824966]},"properties":{"id":322721,"name":"김일성경기장","category":"문화/예술>체육>체육시설>실외"}},{"type":"Feature","geometry":{"type":"Point","coordinates":[125.752183705438,39.0367752414289]},"properties":{"id":322722,"name":"김정숙탁아소","category":"사회>교육/연구>교육기관>유아교육"}},{"type":"Feature","geometry":{"type":"Point","coordinates":[125.75529132135,39.035700800244]},"properties":{"id":322725,"name":"모란봉극장","category":"문화/예술>예술>연극영화>극장"}},{"type":"Feature","geometry":{"type":"Point","coordinates":[125.748586226417,39.0329821183288]},"properties":{"id":322726,"name":"모란봉제1중학교","category":"사회>교육/연구>교육기관>중등교육"}},{"type":"Feature","geometry":{"type":"Point","coordinates":[125.760889891,39.0575917210271]},"properties":{"id":322727,"name":"민주조선사","category":"사회>언론>신문>신문사"}},{"type":"Feature","geometry":{"type":"Point","coordinates":[125.749081745434,39.05796603303]},"properties":{"id":322728,"name":"4.25문화회관","category":"문화/예술>문화>문화회관"}},{"type":"Feature","geometry":{"type":"Point","coordinates":[125.758586293992,39.0572726332632]},"properties":{"id":322729,"name":"외국문도서출판사","category":"사회>언론>출판>출판사"}},{"type":"Feature","geometry":{"type":"Point","coordinates":[125.755891065903,39.0509771943451]},"properties":{"id":322730,"name":"우의탑","category":"문화/예술>문화재>유적>탑과부도"}},{"type":"Feature","geometry":{"type":"Point","coordinates":[125.74531523934,39.0391010066106]},"properties":{"id":322731,"name":"인민군교예극장","category":"문화/예술>예술>연극영화>극장"}},{"type":"Feature","geometry":{"type":"Point","coordinates":[125.760805163654,39.0545037422451]},"properties":{"id":322735,"name":"조선중앙방송위원회","category":"사회>언론>방송>방송국"}},{"type":"Feature","geometry":{"type":"Point","coordinates":[125.750355113612,39.045902381876]},"properties":{"id":322741,"name":"평양시제1인민병원","category":"사회>보건>의료>4차진료기관"}},{"type":"Feature","geometry":{"type":"Point","coordinates":[125.762848178411,39.055939610303]},"properties":{"id":322743,"name":"평양인형극단","category":"문화/예술>예술>단체>예술단체"}},{"type":"Feature","geometry":{"type":"Point","coordinates":[125.757604936576,39.0483046342702]},"properties":{"id":322744,"name":"용화사","category":"문화/예술>종교>불교"}},{"type":"Feature","geometry":{"type":"Point","coordinates":[125.754963919925,39.0458365068169]},"properties":{"id":322749,"name":"개선동","category":"사회>지명>행정구역(지명)>동읍리"}},{"type":"Feature","geometry":{"type":"Point","coordinates":[125.755434005641,39.0442753061235]},"properties":{"id":322750,"name":"개선문광장","category":"사회>지명>기타"}},{"type":"Feature","geometry":{"type":"Point","coordinates":[125.754229932845,39.0360113166989]},"properties":{"id":322786,"name":"칠성문","category":"문화/예술>문화재>유적>유물산포지(유물산분포지역)"}},{"type":"Feature","geometry":{"type":"Point","coordinates":[125.722059641582,39.0328151213156]},"properties":{"id":322856,"name":"보통강구역","category":"사회>지명>행정구역(지명)>구/구역"}},{"type":"Feature","geometry":{"type":"Point","coordinates":[125.72984956594,39.0344044262124]},"properties":{"id":322872,"name":"봉화거리","category":"사회>지명>인문지명(자연지명)>거리"}},{"type":"Feature","geometry":{"type":"Point","coordinates":[125.719592609982,39.0300138353132]},"properties":{"id":322873,"name":"붉은거리","category":"사회>지명>인문지명(자연지명)>거리"}},{"type":"Feature","geometry":{"type":"Point","coordinates":[125.725850248037,39.0328300654355]},"properties":{"id":322877,"name":"경흥관","category":"문화/예술>관광>위락시설>기타"}},{"type":"Feature","geometry":{"type":"Point","coordinates":[125.70981436276,39.0379714140422]},"properties":{"id":322882,"name":"평양염화비닐신발공장","category":"산업/경제>경공업/IT>신발공업"}},{"type":"Feature","geometry":{"type":"Point","coordinates":[125.72744053469,39.0369913809174]},"properties":{"id":322883,"name":"평양프로그램센터","category":"산업/경제>경공업/IT>IT>소프트웨어"}},{"type":"Feature","geometry":{"type":"Point","coordinates":[125.740166085369,39.0329970564104]},"properties":{"id":322884,"name":"공업출판사","category":"사회>언론>출판>출판사"}},{"type":"Feature","geometry":{"type":"Point","coordinates":[125.741610856861,39.0338419024365]},"properties":{"id":322885,"name":"금성청년출판사","category":"사회>언론>출판>출판사"}},{"type":"Feature","geometry":{"type":"Point","coordinates":[125.744125721399,39.032875640075]},"properties":{"id":322887,"name":"보통강유원지","category":"문화/예술>관광>위락시설>유원지"}},{"type":"Feature","geometry":{"type":"Point","coordinates":[125.738185581837,39.0403125813259]},"properties":{"id":322888,"name":"조국해방전쟁승리기념탑","category":"문화/예술>문화재>유적>탑과부도"}},{"type":"Feature","geometry":{"type":"Point","coordinates":[125.739737091875,39.0336194934523]},"properties":{"id":322889,"name":"조선고려약기술센터","category":"사회>교육/연구>연구기관>과학,공학"}},{"type":"Feature","geometry":{"type":"Point","coordinates":[125.730106657106,39.0274008867702]},"properties":{"id":322890,"name":"조선중앙통신사","category":"사회>언론>통신사"}},{"type":"Feature","geometry":{"type":"Point","coordinates":[125.729313714265,39.0291020185628]},"properties":{"id":322891,"name":"청년전위신문사","category":"사회>언론>신문>신문사"}},{"type":"Feature","geometry":{"type":"Point","coordinates":[125.734387015149,39.0346061721543]},"properties":{"id":322892,"name":"평양교원대학","category":"사회>교육/연구>교육기관>고등교육>단과대학"}},{"type":"Feature","geometry":{"type":"Point","coordinates":[125.72955357517,39.0387334707485]},"properties":{"id":322893,"name":"평양수예연구소","category":"사회>교육/연구>연구기관>인문,사회"}},{"type":"Feature","geometry":{"type":"Point","coordinates":[125.73972327255,39.0302779066256]},"properties":{"id":322894,"name":"평양제1중학교","category":"사회>교육/연구>교육기관>중등교육"}},{"type":"Feature","geometry":{"type":"Point","coordinates":[125.720719153706,39.0314330193964]},"properties":{"id":322895,"name":"평양컴퓨터기술대학","category":"사회>교육/연구>교육기관>고등교육>단과대학"}},{"type":"Feature","geometry":{"type":"Point","coordinates":[125.709345447634,39.0439556720961]},"properties":{"id":322914,"name":"보통강개수공사기념탑","category":"문화/예술>문화재>유적>탑과부도"}},{"type":"Feature","geometry":{"type":"Point","coordinates":[125.738854612503,39.0374012544811]},"properties":{"id":322982,"name":"서장공원","category":"문화/예술>관광>위락시설>공원"}},{"type":"Feature","geometry":{"type":"Point","coordinates":[125.89908507201,38.9788829722811]},"properties":{"id":322999,"name":"사동구역","category":"사회>지명>행정구역(지명)>구/구역"}},{"type":"Feature","geometry":{"type":"Point","coordinates":[125.807407942712,38.9948903310058]},"properties":{"id":323007,"name":"대동강맥주공장","category":"산업/경제>경공업/IT>식료품공업"}},{"type":"Feature","geometry":{"type":"Point","coordinates":[125.851927455095,39.0249044440855]},"properties":{"id":323008,"name":"대동강텔레비전수상기공장","category":"산업/경제>경공업/IT>기타"}},{"type":"Feature","geometry":{"type":"Point","coordinates":[125.861619000315,39.0292686649278]},"properties":{"id":323009,"name":"미림블로크공장","category":"산업/경제>중화학공업>건재공업>벽돌/건설자기"}},{"type":"Feature","geometry":{"type":"Point","coordinates":[125.97506617558,38.9524354807347]},"properties":{"id":323012,"name":"평양돼지공장","category":"산업/경제>농축수산업>목축업>가축공장"}},{"type":"Feature","geometry":{"type":"Point","coordinates":[125.81342190257,39.0047913158184]},"properties":{"id":323014,"name":"교육과학연구원","category":"사회>교육/연구>연구기관>인문,사회"}},{"type":"Feature","geometry":{"type":"Point","coordinates":[125.821483050721,39.001289910238]},"properties":{"id":323015,"name":"농업기계화연구소","category":"사회>교육/연구>연구기관>인문,사회"}},{"type":"Feature","geometry":{"type":"Point","coordinates":[125.879263528447,39.019984478189]},"properties":{"id":323016,"name":"수리공학연구소","category":"사회>교육/연구>연구기관>인문,사회"}},{"type":"Feature","geometry":{"type":"Point","coordinates":[125.80044425298,39.0914543793226]},"properties":{"id":323017,"name":"평양남새과학연구소","category":"사회>교육/연구>연구기관>인문,사회"}},{"type":"Feature","geometry":{"type":"Point","coordinates":[125.801353226822,38.9998304163572]},"properties":{"id":323108,"name":"송신동","category":"사회>지명>인문지명(자연지명)>옛지명"}},{"type":"Feature","geometry":{"type":"Point","coordinates":[125.791860063232,38.986415501964]},"properties":{"id":323146,"name":"송화동","category":"사회>지명>인문지명(자연지명)>옛지명"}},{"type":"Feature","geometry":{"type":"Point","coordinates":[125.949140738605,38.9844001387467]},"properties":{"id":323411,"name":"이현리","category":"사회>지명>행정구역(지명)>동읍리"}},{"type":"Feature","geometry":{"type":"Point","coordinates":[125.925215177971,39.1316788954712]},"properties":{"id":323541,"name":"삼석구역","category":"사회>지명>행정구역(지명)>구/구역"}},{"type":"Feature","geometry":{"type":"Point","coordinates":[125.89490133942,39.1075525551039]},"properties":{"id":323682,"name":"성문거리","category":"사회>지명>인문지명(자연지명)>거리"}},{"type":"Feature","geometry":{"type":"Point","coordinates":[125.859601668004,39.0850938643092]},"properties":{"id":323710,"name":"장수원동","category":"사회>지명>행정구역(지명)>동읍리"}},{"type":"Feature","geometry":{"type":"Point","coordinates":[125.9371036883,39.1911191802791]},"properties":{"id":323797,"name":"광덕리","category":"사회>지명>행정구역(지명)>동읍리"}},{"type":"Feature","geometry":{"type":"Point","coordinates":[125.922946712491,39.0667149485311]},"properties":{"id":324153,"name":"호남리","category":"사회>지명>행정구역(지명)>동읍리"}},{"type":"Feature","geometry":{"type":"Point","coordinates":[125.747490361456,39.0692511238215]},"properties":{"id":324201,"name":"서성구역","category":"사회>지명>행정구역(지명)>구/구역"}},{"type":"Feature","geometry":{"type":"Point","coordinates":[125.721467853966,39.0482868420986]},"properties":{"id":324223,"name":"김종태전기기관차종합기업소","category":"산업/경제>중화학공업>자동차공업"}},{"type":"Feature","geometry":{"type":"Point","coordinates":[125.769495831438,39.079539548316]},"properties":{"id":324225,"name":"평양목재공장","category":"산업/경제>경공업/IT>잡업(잡화)"}},{"type":"Feature","geometry":{"type":"Point","coordinates":[125.720848010002,39.0449731026621]},"properties":{"id":324226,"name":"평양수지건재공장","category":"산업/경제>중화학공업>건재공업>벽돌/건설자기"}},{"type":"Feature","geometry":{"type":"Point","coordinates":[125.767029175647,39.0811388835103]},"properties":{"id":324230,"name":"과학백과사전출판사","category":"사회>언론>출판>출판사"}},{"type":"Feature","geometry":{"type":"Point","coordinates":[125.766534477167,39.0782339111029]},"properties":{"id":324231,"name":"봉화예술극장","category":"문화/예술>예술>연극영화>극장"}},{"type":"Feature","geometry":{"type":"Point","coordinates":[125.755877255188,39.082416976797]},"properties":{"id":324232,"name":"3대혁명전시관","category":"문화/예술>문화>전시관>박물관"}},{"type":"Feature","geometry":{"type":"Point","coordinates":[125.768526948531,39.0818920989642]},"properties":{"id":324236,"name":"중앙과학기술통보사","category":"사회>언론>출판>잡지사"}},{"type":"Feature","geometry":{"type":"Point","coordinates":[125.762590784609,39.0798421426951]},"properties":{"id":324246,"name":"연못동","category":"사회>지명>행정구역(지명)>동읍리"}},{"type":"Feature","geometry":{"type":"Point","coordinates":[125.739316099828,39.0455810645294]},"properties":{"id":324252,"name":"상신동","category":"사회>지명>행정구역(지명)>동읍리"}},{"type":"Feature","geometry":{"type":"Point","coordinates":[125.751806279428,39.0772917253313]},"properties":{"id":324262,"name":"서산동","category":"사회>지명>인문지명(자연지명)>옛지명"}},{"type":"Feature","geometry":{"type":"Point","coordinates":[125.726360853877,39.0527950271256]},"properties":{"id":324275,"name":"서평양역","category":"산업/경제>철도/지하철>철도>철도역"}},{"type":"Feature","geometry":{"type":"Point","coordinates":[125.730475408396,39.0521329671629]},"properties":{"id":324308,"name":"하신동","category":"사회>지명>행정구역(지명)>동읍리"}},{"type":"Feature","geometry":{"type":"Point","coordinates":[125.706156758773,39.1100743641401]},"properties":{"id":324309,"name":"형제산구역","category":"사회>지명>행정구역(지명)>구/구역"}},{"type":"Feature","geometry":{"type":"Point","coordinates":[125.709567107593,39.0587776993102]},"properties":{"id":324322,"name":"하당닭공장","category":"산업/경제>농축수산업>목축업>가축공장"}},{"type":"Feature","geometry":{"type":"Point","coordinates":[125.742837009497,39.1071167898732]},"properties":{"id":324323,"name":"형제산수출편직공장","category":"산업/경제>경공업/IT>섬유공업>방직공업"}},{"type":"Feature","geometry":{"type":"Point","coordinates":[125.680547639276,39.0776433847427]},"properties":{"id":324324,"name":"가금공학연구소","category":"사회>교육/연구>연구기관>인문,사회"}},{"type":"Feature","geometry":{"type":"Point","coordinates":[125.713410935644,39.0727003555615]},"properties":{"id":324326,"name":"조선예술영화촬영소","category":"문화/예술>예술>연극영화>영화촬영소"}},{"type":"Feature","geometry":{"type":"Point","coordinates":[125.713438301302,39.0603458987187]},"properties":{"id":324327,"name":"평양철도대학","category":"사회>교육/연구>교육기관>고등교육>단과대학"}},{"type":"Feature","geometry":{"type":"Point","coordinates":[125.739432731824,39.1505947311701]},"properties":{"id":324480,"name":"신미동","category":"사회>지명>행정구역(지명)>동읍리"}},{"type":"Feature","geometry":{"type":"Point","coordinates":[125.669585519657,39.0989590143859]},"properties":{"id":324693,"name":"고천","category":"사회>지명>인문지명(자연지명)>마을(골)>기타"}},{"type":"Feature","geometry":{"type":"Point","coordinates":[125.770656603334,38.9968643234031]},"properties":{"id":324734,"name":"선교구역","category":"사회>지명>행정구역(지명)>구/구역"}},{"type":"Feature","geometry":{"type":"Point","coordinates":[125.753826117045,38.9932046055647]},"properties":{"id":324735,"name":"대동강유원지","category":"문화/예술>관광>위락시설>유원지"}},{"type":"Feature","geometry":{"type":"Point","coordinates":[125.785417942353,39.0006088091798]},"properties":{"id":324747,"name":"평양강철공장","category":"산업/경제>중화학공업>금속공업>철강공업"}},{"type":"Feature","geometry":{"type":"Point","coordinates":[125.760304144542,39.0008375598931]},"properties":{"id":324748,"name":"평양고무공장","category":"산업/경제>경공업/IT>잡업(잡화)"}},{"type":"Feature","geometry":{"type":"Point","coordinates":[125.75289022686,38.9852099408876]},"properties":{"id":324749,"name":"평양곡산공장","category":"산업/경제>경공업/IT>식료품공업"}},{"type":"Feature","geometry":{"type":"Point","coordinates":[125.788417915373,38.9939216436961]},"properties":{"id":324750,"name":"평양기초식품공장","category":"산업/경제>경공업/IT>식료품공업"}},{"type":"Feature","geometry":{"type":"Point","coordinates":[125.761360592404,38.997814534803]},"properties":{"id":324751,"name":"평양방직공장","category":"산업/경제>경공업/IT>섬유공업>방직공업"}},{"type":"Feature","geometry":{"type":"Point","coordinates":[125.762091369525,38.996819853984]},"properties":{"id":324752,"name":"평양방직기계공장","category":"산업/경제>중화학공업>기계공업>공작기계"}},{"type":"Feature","geometry":{"type":"Point","coordinates":[125.765794509446,39.001403256549]},"properties":{"id":324754,"name":"평양선교편직공장","category":"산업/경제>경공업/IT>섬유공업>방직공업"}},{"type":"Feature","geometry":{"type":"Point","coordinates":[125.770365577208,38.9995180110245]},"properties":{"id":324755,"name":"평양승강기공장","category":"산업/경제>중화학공업>기계공업>정밀기계"}},{"type":"Feature","geometry":{"type":"Point","coordinates":[125.765493486217,39.0019268873889]},"properties":{"id":324756,"name":"평양일용품공장","category":"산업/경제>경공업/IT>잡업(잡화)"}},{"type":"Feature","geometry":{"type":"Point","coordinates":[125.771762493831,39.0010034540841]},"properties":{"id":324757,"name":"평양제약공장","category":"사회>보건>의료>의약품(개발,생산)"}},{"type":"Feature","geometry":{"type":"Point","coordinates":[125.783666022742,38.9925823614748]},"properties":{"id":324758,"name":"평양조명기구종합공장","category":"산업/경제>중화학공업>전기/전자공업>전기기기"}},{"type":"Feature","geometry":{"type":"Point","coordinates":[125.762460178461,39.0056061040354]},"properties":{"id":324760,"name":"김철주사범대학","category":"사회>교육/연구>교육기관>고등교육>단과대학"}},{"type":"Feature","geometry":{"type":"Point","coordinates":[125.785401187778,38.9980390962327]},"properties":{"id":324761,"name":"문학예술출판사","category":"사회>언론>출판>출판사"}},{"type":"Feature","geometry":{"type":"Point","coordinates":[125.870517201892,39.0248332426255]},"properties":{"id":324762,"name":"방직연구소","category":"사회>교육/연구>연구기관>인문,사회"}},{"type":"Feature","geometry":{"type":"Point","coordinates":[125.7631766378,39.0023564581727]},"properties":{"id":324763,"name":"약학연구소","category":"산업/경제>중화학공업>전기/전자공업>전기기기"}},{"type":"Feature","geometry":{"type":"Point","coordinates":[125.791123657254,38.9986514741166]},"properties":{"id":324768,"name":"피복연구소","category":"사회>교육/연구>연구기관>인문,사회"}},{"type":"Feature","geometry":{"type":"Point","coordinates":[125.767312571095,38.9977613232896]},"properties":{"id":324769,"name":"한덕수평양경공업대학","category":"사회>교육/연구>교육기관>고등교육>단과대학"}},{"type":"Feature","geometry":{"type":"Point","coordinates":[125.698681211667,39.2094967264523]},"properties":{"id":324891,"name":"순안구역","category":"사회>지명>행정구역(지명)>구/구역"}},{"type":"Feature","geometry":{"type":"Point","coordinates":[125.6694859927,39.2071603413609]},"properties":{"id":324928,"name":"평양순안국제공항","category":"산업/경제>공항"}},{"type":"Feature","geometry":{"type":"Point","coordinates":[125.6853081392,39.213155889703]},"properties":{"id":325142,"name":"신성동","category":"사회>지명>행정구역(지명)>동읍리"}},{"type":"Feature","geometry":{"type":"Point","coordinates":[125.674904124102,39.1646409266168]},"properties":{"id":326268,"name":"신리","category":"사회>지명>인문지명(자연지명)>옛지명"}},{"type":"Feature","geometry":{"type":"Point","coordinates":[125.688230465167,39.1672596396471]},"properties":{"id":326302,"name":"철도부락","category":"사회>지명>인문지명(자연지명)>옛지명"}},{"type":"Feature","geometry":{"type":"Point","coordinates":[125.69468822793,39.2525488896795]},"properties":{"id":326317,"name":"택암리","category":"사회>지명>행정구역(지명)>동읍리"}},{"type":"Feature","geometry":{"type":"Point","coordinates":[126.004168077026,39.0371566774128]},"properties":{"id":326504,"name":"승호구역","category":"사회>지명>행정구역(지명)>구/구역"}},{"type":"Feature","geometry":{"type":"Point","coordinates":[125.974033177266,38.9963694870652]},"properties":{"id":326517,"name":"승호리시멘트공장","category":"산업/경제>중화학공업>건재공업>시멘트"}},{"type":"Feature","geometry":{"type":"Point","coordinates":[125.961906029755,39.0288058520296]},"properties":{"id":326518,"name":"건설기계화연구소","category":"사회>교육/연구>연구기관>인문,사회"}},{"type":"Feature","geometry":{"type":"Point","coordinates":[125.989062862257,39.0574535834723]},"properties":{"id":326521,"name":"양어과학연구소","category":"사회>교육/연구>연구기관>인문,사회"}},{"type":"Feature","geometry":{"type":"Point","coordinates":[125.900184407,39.0521200706404]},"properties":{"id":327310,"name":"이천리","category":"사회>지명>행정구역(지명)>동읍리"}},{"type":"Feature","geometry":{"type":"Point","coordinates":[125.978532567725,38.9879231454665]},"properties":{"id":327457,"name":"만달리","category":"사회>지명>행정구역(지명)>동읍리"}},{"type":"Feature","geometry":{"type":"Point","coordinates":[125.868016813691,39.2023264933422]},"properties":{"id":327855,"name":"은정구역","category":"사회>지명>행정구역(지명)>구/구역"}},{"type":"Feature","geometry":{"type":"Point","coordinates":[125.882961512451,39.2307791917518]},"properties":{"id":327856,"name":"과학원","category":"사회>교육/연구>연구기관>인문,사회"}},{"type":"Feature","geometry":{"type":"Point","coordinates":[125.879067237518,39.2257742477513]},"properties":{"id":327857,"name":"기계공학연구소","category":"사회>교육/연구>연구기관>인문,사회"}},{"type":"Feature","geometry":{"type":"Point","coordinates":[125.881269469283,39.2237503382814]},"properties":{"id":327859,"name":"이과대학","category":"사회>교육/연구>교육기관>고등교육>단과대학"}},{"type":"Feature","geometry":{"type":"Point","coordinates":[125.880102090038,39.2250449629053]},"properties":{"id":327861,"name":"수학연구소","category":"사회>교육/연구>연구기관>인문,사회"}},{"type":"Feature","geometry":{"type":"Point","coordinates":[125.751198847205,39.0204602207561]},"properties":{"id":328088,"name":"중구역","category":"사회>지명>행정구역(지명)>구/구역"}},{"type":"Feature","geometry":{"type":"Point","coordinates":[125.752384168154,39.0197026202845]},"properties":{"id":328094,"name":"김일성광장","category":"사회>지명>기타"}},{"type":"Feature","geometry":{"type":"Point","coordinates":[125.770141100897,39.0450809794364]},"properties":{"id":328097,"name":"능라도","category":"환경>지질/지형>지형>주요 도서(섬)"}},{"type":"Feature","geometry":{"type":"Point","coordinates":[125.750529596675,39.0164988598094]},"properties":{"id":328110,"name":"만수대거리","category":"사회>지명>인문지명(자연지명)>거리"}},{"type":"Feature","geometry":{"type":"Point","coordinates":[125.748290366604,39.0236626544323]},"properties":{"id":328116,"name":"승리거리","category":"사회>지명>인문지명(자연지명)>거리"}},{"type":"Feature","geometry":{"type":"Point","coordinates":[125.739094073989,39.0060328622731]},"properties":{"id":328120,"name":"영광거리","category":"사회>지명>인문지명(자연지명)>거리"}},{"type":"Feature","geometry":{"type":"Point","coordinates":[125.752421854091,39.0244545219292]},"properties":{"id":328123,"name":"음식점거리","category":"사회>지명>인문지명(자연지명)>거리"}},{"type":"Feature","geometry":{"type":"Point","coordinates":[125.746673002225,39.0184751142034]},"properties":{"id":328126,"name":"창광거리","category":"사회>지명>인문지명(자연지명)>거리"}},{"type":"Feature","geometry":{"type":"Point","coordinates":[125.752691803658,39.0255202665663]},"properties":{"id":328127,"name":"천리마거리","category":"사회>지명>인문지명(자연지명)>거리"}},{"type":"Feature","geometry":{"type":"Point","coordinates":[125.75675120671,39.0332120356907]},"properties":{"id":328141,"name":"모란봉공원","category":"문화/예술>관광>위락시설>공원"}},{"type":"Feature","geometry":{"type":"Point","coordinates":[125.737341926818,38.9892699101311]},"properties":{"id":328142,"name":"양각도유원지","category":"문화/예술>관광>위락시설>유원지"}},{"type":"Feature","geometry":{"type":"Point","coordinates":[125.746373251922,39.0223720405624]},"properties":{"id":328143,"name":"금강산국제관광회사","category":"산업/경제>서비스업>관광업"}},{"type":"Feature","geometry":{"type":"Point","coordinates":[125.751553062717,38.9985983203885]},"properties":{"id":328145,"name":"양각도국제호텔","category":"산업/경제>서비스업>숙박/요식>호텔"}},{"type":"Feature","geometry":{"type":"Point","coordinates":[125.75529132135,39.035700800244]},"properties":{"id":328146,"name":"옥류관","category":"산업/경제>서비스업>숙박/요식>식당(음식점)"}},{"type":"Feature","geometry":{"type":"Point","coordinates":[125.728986057836,39.023430498836]},"properties":{"id":328149,"name":"청류관","category":"산업/경제>서비스업>숙박/요식>식당(음식점)"}},{"type":"Feature","geometry":{"type":"Point","coordinates":[125.737022901982,39.0085959894714]},"properties":{"id":328150,"name":"평양고려호텔","category":"산업/경제>서비스업>숙박/요식>호텔"}},{"type":"Feature","geometry":{"type":"Point","coordinates":[125.757077429659,39.0300958417736]},"properties":{"id":328151,"name":"평양아동백화점","category":"산업/경제>서비스업>유통(상업)>백화점"}},{"type":"Feature","geometry":{"type":"Point","coordinates":[125.737321626819,39.0181362916656]},"properties":{"id":328152,"name":"평양애국편직물공장","category":"산업/경제>경공업/IT>섬유공업>방직공업"}},{"type":"Feature","geometry":{"type":"Point","coordinates":[125.739238893996,39.0137638056506]},"properties":{"id":328153,"name":"평양어린이옷공장","category":"산업/경제>경공업/IT>섬유공업>피복공업"}},{"type":"Feature","geometry":{"type":"Point","coordinates":[125.736402460722,39.0067884779631]},"properties":{"id":328154,"name":"평양역전백화점","category":"산업/경제>서비스업>유통(상업)>백화점"}},{"type":"Feature","geometry":{"type":"Point","coordinates":[125.753674832399,39.0224388270943]},"properties":{"id":328155,"name":"평양제1백화점","category":"산업/경제>서비스업>유통(상업)>백화점"}},{"type":"Feature","geometry":{"type":"Point","coordinates":[125.739914428257,39.0046543144565]},"properties":{"id":328156,"name":"평양종합인쇄공장","category":"사회>언론>출판>인쇄공장"}},{"type":"Feature","geometry":{"type":"Point","coordinates":[125.754139722561,39.0186852011905]},"properties":{"id":328157,"name":"평양지하상점","category":"산업/경제>서비스업>유통(상업)>국영상점"}},{"type":"Feature","geometry":{"type":"Point","coordinates":[125.740115869899,39.0070955129079]},"properties":{"id":328158,"name":"평양창광옷공장","category":"산업/경제>경공업/IT>섬유공업>피복공업"}},{"type":"Feature","geometry":{"type":"Point","coordinates":[125.746473673474,39.0160320009869]},"properties":{"id":328160,"name":"국가관광총국","category":"산업/경제>서비스업>관광업"}},{"type":"Feature","geometry":{"type":"Point","coordinates":[125.753622743,39.0282023522482]},"properties":{"id":328161,"name":"국립교향악단","category":"문화/예술>예술>단체>예술단"}},{"type":"Feature","geometry":{"type":"Point","coordinates":[125.746611166896,39.0019811625959]},"properties":{"id":328162,"name":"김책공업종합대학","category":"사회>교육/연구>교육기관>고등교육>종합대학"}},{"type":"Feature","geometry":{"type":"Point","coordinates":[125.739678055668,39.0217980393538]},"properties":{"id":328163,"name":"농업출판사","category":"사회>언론>출판>출판사"}},{"type":"Feature","geometry":{"type":"Point","coordinates":[125.743078335724,39.0120710804145]},"properties":{"id":328164,"name":"당창건사적관","category":"문화/예술>문화>기타"}},{"type":"Feature","geometry":{"type":"Point","coordinates":[125.755799033225,39.0245603249492]},"properties":{"id":328165,"name":"대동문영화관","category":"문화/예술>예술>연극영화>영화관"}},{"type":"Feature","geometry":{"type":"Point","coordinates":[125.745792060112,39.0230538593137]},"properties":{"id":328167,"name":"노동신문사","category":"사회>언론>신문>신문사"}},{"type":"Feature","geometry":{"type":"Point","coordinates":[125.748238570121,39.0242080955715]},"properties":{"id":328169,"name":"만수대예술극장","category":"문화/예술>예술>연극영화>극장"}},{"type":"Feature","geometry":{"type":"Point","coordinates":[125.747626439696,39.0239200700289]},"properties":{"id":328170,"name":"만수대예술단","category":"문화/예술>예술>단체>예술단"}},{"type":"Feature","geometry":{"type":"Point","coordinates":[125.750788996496,39.0283847927113]},"properties":{"id":328171,"name":"만수대의사당","category":"문화/예술>문화재>유적>건물"}},{"type":"Feature","geometry":{"type":"Point","coordinates":[125.757679305887,39.0316871594422]},"properties":{"id":328172,"name":"모란봉청년공원","category":"문화/예술>관광>위락시설>공원"}},{"type":"Feature","geometry":{"type":"Point","coordinates":[125.744584418441,39.0242603102503]},"properties":{"id":328174,"name":"백두산건축연구원","category":"사회>교육/연구>연구기관>인문,사회"}},{"type":"Feature","geometry":{"type":"Point","coordinates":[125.731272157784,39.0227859412954]},"properties":{"id":328175,"name":"빙상관","category":"문화/예술>체육>체육시설>실내"}},{"type":"Feature","geometry":{"type":"Point","coordinates":[125.773011994236,39.0496074051723]},"properties":{"id":328177,"name":"능라도경기장","category":"문화/예술>체육>체육시설>실외"}},{"type":"Feature","geometry":{"type":"Point","coordinates":[125.742282766184,38.9916624082061]},"properties":{"id":328178,"name":"양각도축구경기장","category":"문화/예술>체육>체육시설>실외"}},{"type":"Feature","geometry":{"type":"Point","coordinates":[125.745893443385,39.0245338548048]},"properties":{"id":328179,"name":"윤이상음악연구소","category":"사회>교육/연구>연구기관>인문,사회"}},{"type":"Feature","geometry":{"type":"Point","coordinates":[125.746116758223,39.0281249896318]},"properties":{"id":328180,"name":"2.16예술교육출판사","category":"사회>언론>출판>출판사"}},{"type":"Feature","geometry":{"type":"Point","coordinates":[125.749116188718,39.0202166263609]},"properties":{"id":328181,"name":"인민대학습당","category":"문화/예술>문화>문화회관"}},{"type":"Feature","geometry":{"type":"Point","coordinates":[125.738244215266,39.0256081309253]},"properties":{"id":328182,"name":"인민문화궁전","category":"문화/예술>문화>문화회관"}},{"type":"Feature","geometry":{"type":"Point","coordinates":[125.754047415991,39.0184828386213]},"properties":{"id":328184,"name":"조선미술박물관","category":"문화/예술>문화>전시관>박물관"}},{"type":"Feature","geometry":{"type":"Point","coordinates":[125.754884120846,39.0214393780993]},"properties":{"id":328185,"name":"조선민속박물관","category":"문화/예술>문화>전시관>박물관"}},{"type":"Feature","geometry":{"type":"Point","coordinates":[125.751882373992,39.0118460679803]},"properties":{"id":328186,"name":"조선4.26아동영화촬영소","category":"문화/예술>예술>연극영화>영화촬영소"}},{"type":"Feature","geometry":{"type":"Point","coordinates":[125.741775404876,39.0227842754965]},"properties":{"id":328187,"name":"조선영화문학창작사","category":"문화/예술>예술>단체>예술단"}},{"type":"Feature","geometry":{"type":"Point","coordinates":[125.754623529406,39.0202999779684]},"properties":{"id":328188,"name":"조선중앙력사박물관","category":"문화/예술>문화>전시관>박물관"}},{"type":"Feature","geometry":{"type":"Point","coordinates":[125.751762502649,39.0316941879401]},"properties":{"id":328189,"name":"조선혁명박물관","category":"문화/예술>문화>전시관>박물관"}},{"type":"Feature","geometry":{"type":"Point","coordinates":[125.744565662261,39.0267535243219]},"properties":{"id":328190,"name":"중앙예보연구소","category":"사회>교육/연구>연구기관>인문,사회"}},{"type":"Feature","geometry":{"type":"Point","coordinates":[125.728893465548,39.0204177620981]},"properties":{"id":328191,"name":"창광원","category":"문화/예술>관광>위락시설>유원지"}},{"type":"Feature","geometry":{"type":"Point","coordinates":[125.728646611499,39.0220134226455]},"properties":{"id":328192,"name":"창광원공원","category":"문화/예술>관광>위락시설>공원"}},{"type":"Feature","geometry":{"type":"Point","coordinates":[125.742912131382,39.024329099906]},"properties":{"id":328193,"name":"창광유치원","category":"사회>교육/연구>교육기관>유아교육"}},{"type":"Feature","geometry":{"type":"Point","coordinates":[125.756904562513,39.0279663197385]},"properties":{"id":328194,"name":"창전소학교","category":"사회>교육/연구>교육기관>초등교육"}},{"type":"Feature","geometry":{"type":"Point","coordinates":[125.748141759749,39.0295610220188]},"properties":{"id":328195,"name":"철도출판사","category":"사회>언론>출판>출판사"}},{"type":"Feature","geometry":{"type":"Point","coordinates":[125.744266864955,39.0082832510255]},"properties":{"id":328197,"name":"평양국제문화회관","category":"문화/예술>문화>문화회관"}},{"type":"Feature","geometry":{"type":"Point","coordinates":[125.747517528572,38.9951234246706]},"properties":{"id":328199,"name":"평양국제영화회관","category":"문화/예술>예술>연극영화>영화관"}},{"type":"Feature","geometry":{"type":"Point","coordinates":[125.750688348995,39.0086009335153]},"properties":{"id":328200,"name":"평양대극장","category":"문화/예술>예술>연극영화>극장"}},{"type":"Feature","geometry":{"type":"Point","coordinates":[125.743168822796,39.0101518391886]},"properties":{"id":328201,"name":"평양의학대학","category":"사회>교육/연구>교육기관>고등교육>단과대학"}},{"type":"Feature","geometry":{"type":"Point","coordinates":[125.734633472422,39.0231085394551]},"properties":{"id":328202,"name":"평양체육관","category":"문화/예술>체육>체육시설>실내"}},{"type":"Feature","geometry":{"type":"Point","coordinates":[125.752283210866,39.0252977701034]},"properties":{"id":328203,"name":"평양학생소년궁전","category":"사회>교육/연구>교육기관>기타>소년궁전"}},{"type":"Feature","geometry":{"type":"Point","coordinates":[125.756764453041,39.0225726766962]},"properties":{"id":328206,"name":"대동문","category":"문화/예술>문화재>유적>건물"}},{"type":"Feature","geometry":{"type":"Point","coordinates":[125.757324470363,39.0232318564523]},"properties":{"id":328209,"name":"연광정","category":"문화/예술>문화재>유적>건물"}},{"type":"Feature","geometry":{"type":"Point","coordinates":[125.741786853381,39.0270524374705]},"properties":{"id":328213,"name":"보통문","category":"문화/예술>문화재>유적>건물"}},{"type":"Feature","geometry":{"type":"Point","coordinates":[125.763270511431,39.0370959104086]},"properties":{"id":328289,"name":"능라도유원지","category":"문화/예술>관광>위락시설>유원지"}},{"type":"Feature","geometry":{"type":"Point","coordinates":[125.757605710249,39.0314922050792]},"properties":{"id":328327,"name":"청년공원","category":"문화/예술>관광>위락시설>공원"}},{"type":"Feature","geometry":{"type":"Point","coordinates":[125.758733904164,39.0351044810906]},"properties":{"id":328336,"name":"해방탑","category":"문화/예술>문화재>유적>탑과부도"}},{"type":"Feature","geometry":{"type":"Point","coordinates":[125.753399686281,39.023472997388]},"properties":{"id":328340,"name":"대동문동","category":"사회>지명>행정구역(지명)>동읍리"}},{"type":"Feature","geometry":{"type":"Point","coordinates":[125.761365613297,39.0229003320512]},"properties":{"id":328343,"name":"단동","category":"사회>지명>인문지명(자연지명)>옛지명"}},{"type":"Feature","geometry":{"type":"Point","coordinates":[125.746057881184,38.9934594264239]},"properties":{"id":328389,"name":"양각도","category":"환경>지질/지형>지형>주요 도서(섬)"}},{"type":"Feature","geometry":{"type":"Point","coordinates":[125.736834243087,39.005109620949]},"properties":{"id":328462,"name":"평양역","category":"산업/경제>철도/지하철>철도>철도역"}},{"type":"Feature","geometry":{"type":"Point","coordinates":[125.752017247395,39.0201305443101]},"properties":{"id":328495,"name":"중성동","category":"사회>지명>행정구역(지명)>동읍리"}},{"type":"Feature","geometry":{"type":"Point","coordinates":[125.734361734411,39.0180787193413]},"properties":{"id":328530,"name":"창광동","category":"사회>지명>행정구역(지명)>동읍리"}},{"type":"Feature","geometry":{"type":"Point","coordinates":[125.720410517789,39.0038484829526]},"properties":{"id":328545,"name":"평천구역","category":"사회>지명>행정구역(지명)>구/구역"}},{"type":"Feature","geometry":{"type":"Point","coordinates":[125.722717662647,39.0058643752221]},"properties":{"id":328550,"name":"남포","category":"사회>지명>인문지명(자연지명)>옛지명"}},{"type":"Feature","geometry":{"type":"Point","coordinates":[125.716975033682,38.9988451522344]},"properties":{"id":328574,"name":"대동강축전지공장","category":"산업/경제>중화학공업>화학공업>유기화학"}},{"type":"Feature","geometry":{"type":"Point","coordinates":[125.728300502196,39.0026979354762]},"properties":{"id":328576,"name":"모란봉자동화기구공장","category":"산업/경제>중화학공업>기계공업>공작기계"}},{"type":"Feature","geometry":{"type":"Point","coordinates":[125.717167850261,39.0201105101572]},"properties":{"id":328577,"name":"보통강여관","category":"산업/경제>서비스업>숙박/요식>여관"}},{"type":"Feature","geometry":{"type":"Point","coordinates":[125.720795166817,39.0076418060889]},"properties":{"id":328578,"name":"평양전선공장","category":"산업/경제>중화학공업>전기/전자공업>전기기기"}},{"type":"Feature","geometry":{"type":"Point","coordinates":[125.718547289502,39.0120801614459]},"properties":{"id":328581,"name":"평양구두공장","category":"산업/경제>경공업/IT>신발공업"}},{"type":"Feature","geometry":{"type":"Point","coordinates":[125.721287763057,39.0020124067744]},"properties":{"id":328584,"name":"평양어린이식료품공장","category":"산업/경제>경공업/IT>식료품공업"}},{"type":"Feature","geometry":{"type":"Point","coordinates":[125.725007049543,38.994631383507]},"properties":{"id":328585,"name":"평양제사공장","category":"산업/경제>경공업/IT>섬유공업>섬유공장"}},{"type":"Feature","geometry":{"type":"Point","coordinates":[125.711888016558,39.0100040495103]},"properties":{"id":328586,"name":"평양화력발전소","category":"산업/경제>전력>발전소>화력발전소"}},{"type":"Feature","geometry":{"type":"Point","coordinates":[125.715586056589,39.0125664150887]},"properties":{"id":328588,"name":"만수대창작사","category":"문화/예술>예술>기타"}},{"type":"Feature","geometry":{"type":"Point","coordinates":[125.72655104371,38.9966752312565]},"properties":{"id":328589,"name":"의학과학원","category":"사회>교육/연구>연구기관>인문,사회"}},{"type":"Feature","geometry":{"type":"Point","coordinates":[125.721644341006,39.016896583554]},"properties":{"id":328592,"name":"장철구평양상업대학","category":"사회>교육/연구>교육기관>고등교육>단과대학"}},{"type":"Feature","geometry":{"type":"Point","coordinates":[125.730682550437,38.9944958517391]},"properties":{"id":328593,"name":"체육과학연구소","category":"사회>교육/연구>연구기관>인문,사회"}},{"type":"Feature","geometry":{"type":"Point","coordinates":[125.729320008367,39.006331141744]},"properties":{"id":328595,"name":"평양인쇄공업대학","category":"사회>교육/연구>교육기관>고등교육>단과대학"}},{"type":"Feature","geometry":{"type":"Point","coordinates":[125.625272138659,38.8640095370963]},"properties":{"id":329376,"name":"강남군","category":"사회>지명>행정구역(지명)>시/군"}},{"type":"Feature","geometry":{"type":"Point","coordinates":[125.607245661905,38.8862737953929]},"properties":{"id":329489,"name":"고읍리","category":"사회>지명>행정구역(지명)>동읍리"}},{"type":"Feature","geometry":{"type":"Point","coordinates":[125.717574084908,38.9074372597654]},"properties":{"id":329582,"name":"문산","category":"환경>지질/지형>지형>주요 산지"}},{"type":"Feature","geometry":{"type":"Point","coordinates":[125.640294754335,38.8758326945401]},"properties":{"id":329614,"name":"동정리","category":"사회>지명>행정구역(지명)>동읍리"}},{"type":"Feature","geometry":{"type":"Point","coordinates":[125.631648061052,38.8340447890689]},"properties":{"id":329953,"name":"신정리","category":"사회>지명>행정구역(지명)>동읍리"}},{"type":"Feature","geometry":{"type":"Point","coordinates":[125.60025753287,38.8277482167745]},"properties":{"id":329985,"name":"신흥리","category":"사회>지명>행정구역(지명)>동읍리"}},{"type":"Feature","geometry":{"type":"Point","coordinates":[125.593847550428,38.8618662741873]},"properties":{"id":330023,"name":"영진리","category":"사회>지명>행정구역(지명)>동읍리"}},{"type":"Feature","geometry":{"type":"Point","coordinates":[126.16416825516,39.0786562761969]},"properties":{"id":330122,"name":"강동군","category":"사회>지명>행정구역(지명)>시/군"}},{"type":"Feature","geometry":{"type":"Point","coordinates":[126.169243822108,39.0833854200774]},"properties":{"id":330177,"name":"강동지구탄광연합기업소","category":"산업/경제>광업>광산>석탄>기타"}},{"type":"Feature","geometry":{"type":"Point","coordinates":[125.931358523838,39.0222927756959]},"properties":{"id":330178,"name":"남강발전소","category":"산업/경제>전력>발전소>수력발전소"}},{"type":"Feature","geometry":{"type":"Point","coordinates":[126.170461644235,39.0385708338027]},"properties":{"id":330180,"name":"흑령탄광","category":"산업/경제>광업>광산>석탄>무연탄"}},{"type":"Feature","geometry":{"type":"Point","coordinates":[126.054224864304,39.1545337510311]},"properties":{"id":330183,"name":"단군릉","category":"문화/예술>문화재>유적>능묘"}},{"type":"Feature","geometry":{"type":"Point","coordinates":[126.10977389216,39.167848530027]},"properties":{"id":330235,"name":"대박산","category":"환경>지질/지형>지형>주요 산지"}},{"type":"Feature","geometry":{"type":"Point","coordinates":[126.334629704074,38.9511223500907]},"properties":{"id":330560,"name":"남강","category":"환경>수문>주요 강"}},{"type":"Feature","geometry":{"type":"Point","coordinates":[126.351293677032,38.9555743179704]},"properties":{"id":330677,"name":"향단리","category":"사회>지명>인문지명(자연지명)>옛지명"}},{"type":"Feature","geometry":{"type":"Point","coordinates":[126.01551592905,39.1645055198545]},"properties":{"id":332238,"name":"봉화리","category":"사회>지명>행정구역(지명)>동읍리"}},{"type":"Feature","geometry":{"type":"Point","coordinates":[126.196532394093,38.9983362668899]},"properties":{"id":332361,"name":"삼등리","category":"사회>지명>행정구역(지명)>동읍리"}},{"type":"Feature","geometry":{"type":"Point","coordinates":[126.203729212792,38.9888952382953]},"properties":{"id":332395,"name":"남강다리","category":"산업/경제>도로>다리"}},{"type":"Feature","geometry":{"type":"Point","coordinates":[126.068721801903,38.836721548791]},"properties":{"id":333218,"name":"상원군","category":"사회>지명>행정구역(지명)>시/군"}},{"type":"Feature","geometry":{"type":"Point","coordinates":[125.982631079183,38.9033191510262]},"properties":{"id":333282,"name":"상원군민발전소","category":"산업/경제>전력>발전소>수력발전소"}},{"type":"Feature","geometry":{"type":"Point","coordinates":[126.038409815915,38.8768538822382]},"properties":{"id":333283,"name":"상원시멘트연합기업소","category":"산업/경제>중화학공업>건재공업>시멘트"}},{"type":"Feature","geometry":{"type":"Point","coordinates":[126.031007891799,38.9132621878972]},"properties":{"id":333788,"name":"만경대","category":"환경>지질/지형>지형>주요 산지"}},{"type":"Feature","geometry":{"type":"Point","coordinates":[126.032590740964,38.9823247384235]},"properties":{"id":334187,"name":"노동리","category":"사회>지명>행정구역(지명)>동읍리"}},{"type":"Feature","geometry":{"type":"Point","coordinates":[126.037306464031,38.9860568203071]},"properties":{"id":334326,"name":"한드레벌","category":"환경>지질/지형>지형>평지"}},{"type":"Feature","geometry":{"type":"Point","coordinates":[125.913797871531,39.0790330832679]},"properties":{"id":334691,"name":"동구리","category":"사회>지명>인문지명(자연지명)>옛지명"}},{"type":"Feature","geometry":{"type":"Point","coordinates":[125.846699760384,38.8521162541975]},"properties":{"id":335830,"name":"중화군","category":"사회>지명>행정구역(지명)>시/군"}},{"type":"Feature","geometry":{"type":"Point","coordinates":[125.798259230098,38.8615710587671]},"properties":{"id":335899,"name":"길영조중학교","category":"사회>교육/연구>교육기관>중등교육"}},{"type":"Feature","geometry":{"type":"Point","coordinates":[125.918253145907,38.865356880341]},"properties":{"id":336267,"name":"마장리","category":"사회>지명>행정구역(지명)>동읍리"}},{"type":"Feature","geometry":{"type":"Point","coordinates":[125.556898598259,38.9214176900481]},"properties":{"id":336582,"name":"12월화력발전소","category":"산업/경제>전력>발전소>화력발전소"}},{"type":"Feature","geometry":{"type":"Point","coordinates":[126.032620749375,39.4941655157094]},"properties":{"id":336585,"name":"2.8직동청년탄광","category":"산업/경제>광업>광산>석탄>무연탄"}},{"type":"Feature","geometry":{"type":"Point","coordinates":[125.886625312738,39.0941984199157]},"properties":{"id":336587,"name":"평양탄광기계공장","category":"산업/경제>중화학공업>기계공업>탄광기계"}},{"type":"Feature","geometry":{"type":"Point","coordinates":[130.35773339097,42.5339372570808]},"properties":{"id":336590,"name":"7.7연합기업소","category":"산업/경제>중화학공업>화학공업>기타"}},{"type":"Feature","geometry":{"type":"Point","coordinates":[125.391540473481,38.7186304839013]},"properties":{"id":336592,"name":"9.10배수리공장","category":"산업/경제>중화학공업>조선업>수리공장"}},{"type":"Feature","geometry":{"type":"Point","coordinates":[126.61049848035,40.9578796436062]},"properties":{"id":336600,"name":"강계트랙터공장","category":"산업/경제>중화학공업>기계공업>농기계"}},{"type":"Feature","geometry":{"type":"Point","coordinates":[126.576258817624,37.9631934122542]},"properties":{"id":336608,"name":"개성유리공장","category":"산업/경제>중화학공업>건재공업>판유리"}},{"type":"Feature","geometry":{"type":"Point","coordinates":[126.275129633281,39.54476997478]},"properties":{"id":336611,"name":"개천지구탄광연합기업소","category":"산업/경제>광업>광산>석탄>무연탄"}},{"type":"Feature","geometry":{"type":"Point","coordinates":[125.997790795702,39.703963657736]},"properties":{"id":336613,"name":"개천탄광","category":"산업/경제>광업>광산>석탄>무연탄"}},{"type":"Feature","geometry":{"type":"Point","coordinates":[125.720671366833,39.0376510308004]},"properties":{"id":336620,"name":"고려은행","category":"산업/경제>서비스업>금융>금융기관"}},{"type":"Feature","geometry":{"type":"Point","coordinates":[126.095878275114,40.9353838779625]},"properties":{"id":336621,"name":"고보청년발전소","category":"산업/경제>전력>발전소>수력발전소"}},{"type":"Feature","geometry":{"type":"Point","coordinates":[125.259771688386,39.9741663878695]},"properties":{"id":336626,"name":"구성공작기계공장","category":"산업/경제>중화학공업>기계공업>공작기계"}},{"type":"Feature","geometry":{"type":"Point","coordinates":[126.030955904624,39.8646321170362]},"properties":{"id":336628,"name":"구장지구탄광연합기업소","category":"산업/경제>광업>광산>석탄>무연탄"}},{"type":"Feature","geometry":{"type":"Point","coordinates":[126.637979727734,41.4791695743336]},"properties":{"id":336632,"name":"귀인발전소","category":"산업/경제>전력>발전소>수력발전소"}},{"type":"Feature","geometry":{"type":"Point","coordinates":[127.925444224995,38.8868922223017]},"properties":{"id":336634,"name":"금강산청년선","category":"산업/경제>철도/지하철>철도>철도노선"}},{"type":"Feature","geometry":{"type":"Point","coordinates":[127.106026095234,39.573107017102]},"properties":{"id":336637,"name":"금야강군민발전소","category":"산업/경제>전력>발전소>수력발전소"}},{"type":"Feature","geometry":{"type":"Point","coordinates":[125.725025073879,38.9943370177282]},"properties":{"id":336640,"name":"김정숙평양제사공장","category":"산업/경제>경공업/IT>섬유공업>섬유공장"}},{"type":"Feature","geometry":{"type":"Point","coordinates":[128.988122575583,40.823147459342]},"properties":{"id":336641,"name":"김책공업지구","category":"산업/경제>공업지구>소공업지구"}},{"type":"Feature","geometry":{"type":"Point","coordinates":[130.311138141347,42.2635596439053]},"properties":{"id":336647,"name":"나선경제무역지대","category":"산업/경제>경제특구"}},{"type":"Feature","geometry":{"type":"Point","coordinates":[130.281677926577,42.2287613019002]},"properties":{"id":336648,"name":"나진조선소","category":"산업/경제>중화학공업>조선업>조선소"}},{"type":"Feature","geometry":{"type":"Point","coordinates":[125.367726804355,38.7292511171901]},"properties":{"id":336654,"name":"남포유리공장(철거)","category":"산업/경제>중화학공업>건재공업>판유리"}},{"type":"Feature","geometry":{"type":"Point","coordinates":[128.91406794781,40.4516478195686]},"properties":{"id":336658,"name":"단천광산기계공장","category":"산업/경제>중화학공업>기계공업>광산기계"}},{"type":"Feature","geometry":{"type":"Point","coordinates":[125.578213123181,38.894229631591]},"properties":{"id":336662,"name":"대동강타일공장","category":"산업/경제>중화학공업>건재공업>벽돌/건설자기"}},{"type":"Feature","geometry":{"type":"Point","coordinates":[125.521702073052,38.8217252933135]},"properties":{"id":336665,"name":"대안친선유리공장","category":"산업/경제>중화학공업>건재공업>판유리"}},{"type":"Feature","geometry":{"type":"Point","coordinates":[126.94294666042,40.1012965527257]},"properties":{"id":336667,"name":"대흥청년1호발전소","category":"산업/경제>전력>발전소>수력발전소"}},{"type":"Feature","geometry":{"type":"Point","coordinates":[128.901981799092,41.0863896897534]},"properties":{"id":336668,"name":"대흥청년영웅광산","category":"산업/경제>광업>광산>비금속>마그네사이트"}},{"type":"Feature","geometry":{"type":"Point","coordinates":[125.25479174778,40.0375523522243]},"properties":{"id":336673,"name":"동림전기공장","category":"산업/경제>중화학공업>전기/전자공업>전기기기"}},{"type":"Feature","geometry":{"type":"Point","coordinates":[125.682506096672,39.0391701292539]},"properties":{"id":336675,"name":"유원신발공장","category":"산업/경제>경공업/IT>신발공업"}},{"type":"Feature","geometry":{"type":"Point","coordinates":[128.816309876017,41.7331467594284]},"properties":{"id":336691,"name":"백두산선군청년발전소","category":"산업/경제>전력>발전소>수력발전소"}},{"type":"Feature","geometry":{"type":"Point","coordinates":[125.914351167832,39.0700759716258]},"properties":{"id":336693,"name":"보산제철소","category":"산업/경제>중화학공업>금속공업>철강공업"}},{"type":"Feature","geometry":{"type":"Point","coordinates":[124.5512919438,40.0741479695317]},"properties":{"id":336700,"name":"봉화화학공장","category":"산업/경제>중화학공업>화학공업>석유화학"}},{"type":"Feature","geometry":{"type":"Point","coordinates":[124.444859309177,39.9595568031111]},"properties":{"id":336703,"name":"북중기계연합기업소","category":"산업/경제>중화학공업>기계공업>공작기계"}},{"type":"Feature","geometry":{"type":"Point","coordinates":[126.280590284016,39.5465782359575]},"properties":{"id":336705,"name":"북창지구탄광연합기업소","category":"산업/경제>광업>광산>석탄>무연탄"}},{"type":"Feature","geometry":{"type":"Point","coordinates":[125.745203840808,38.5406672447049]},"properties":{"id":336710,"name":"사리원광산기계공장","category":"산업/경제>중화학공업>기계공업>광산기계"}},{"type":"Feature","geometry":{"type":"Point","coordinates":[125.781007221972,38.5014099342725]},"properties":{"id":336714,"name":"사리원트랙터부속품공장","category":"산업/경제>중화학공업>기계공업>정밀기계"}},{"type":"Feature","geometry":{"type":"Point","coordinates":[128.151626542371,41.3174812028604]},"properties":{"id":336717,"name":"삼수발전소","category":"산업/경제>전력>발전소>수력발전소"}},{"type":"Feature","geometry":{"type":"Point","coordinates":[126.145480892398,39.2382320405018]},"properties":{"id":336727,"name":"성천발전소","category":"산업/경제>전력>발전소>수력발전소"}},{"type":"Feature","geometry":{"type":"Point","coordinates":[124.963541566371,40.4606144369905]},"properties":{"id":336732,"name":"수풍발전소","category":"산업/경제>전력>발전소>수력발전소"}},{"type":"Feature","geometry":{"type":"Point","coordinates":[125.928453000737,39.4202722236707]},"properties":{"id":336735,"name":"순천비닐론연합기업소","category":"산업/경제>중화학공업>화학공업>기타"}},{"type":"Feature","geometry":{"type":"Point","coordinates":[126.284481379456,39.5483135414684]},"properties":{"id":336737,"name":"순천지구탄광연합기업소","category":"산업/경제>광업>광산>석탄>무연탄"}},{"type":"Feature","geometry":{"type":"Point","coordinates":[125.972708336857,39.4362090125491]},"properties":{"id":336739,"name":"순천탄광기계공장","category":"산업/경제>중화학공업>기계공업>탄광기계"}},{"type":"Feature","geometry":{"type":"Point","coordinates":[125.968782547441,39.4009841649406]},"properties":{"id":336741,"name":"순천화력발전소","category":"산업/경제>전력>발전소>화력발전소"}},{"type":"Feature","geometry":{"type":"Point","coordinates":[124.387571435885,40.0874351670557]},"properties":{"id":336751,"name":"신의주마이신공장","category":"사회>보건>의료>의약품(개발,생산)"}},{"type":"Feature","geometry":{"type":"Point","coordinates":[124.371969429107,40.0855440262585]},"properties":{"id":336752,"name":"신의주선박공장","category":"산업/경제>중화학공업>조선업>조선소"}},{"type":"Feature","geometry":{"type":"Point","coordinates":[124.401994285995,40.1121792872865]},"properties":{"id":336755,"name":"신의주펄프공장","category":"산업/경제>경공업/IT>제지공업"}},{"type":"Feature","geometry":{"type":"Point","coordinates":[128.191328062216,40.0315058356796]},"properties":{"id":336758,"name":"신포조선소","category":"산업/경제>중화학공업>조선업>조선소"}},{"type":"Feature","geometry":{"type":"Point","coordinates":[127.513662471128,39.903590537856]},"properties":{"id":336760,"name":"신흥화학연합기업소","category":"산업/경제>중화학공업>화학공업>기타"}},{"type":"Feature","geometry":{"type":"Point","coordinates":[125.660963594264,39.6209700337935]},"properties":{"id":336764,"name":"안주121호공장","category":"산업/경제>경공업/IT>제지공업"}},{"type":"Feature","geometry":{"type":"Point","coordinates":[126.250429924995,41.1448410306252]},"properties":{"id":336771,"name":"압록강타이어공장","category":"산업/경제>중화학공업>화학공업>타이어"}},{"type":"Feature","geometry":{"type":"Point","coordinates":[124.654036646194,39.9650786821565]},"properties":{"id":336773,"name":"양책베어링공장","category":"산업/경제>중화학공업>기계공업>공작기계"}},{"type":"Feature","geometry":{"type":"Point","coordinates":[129.666254504376,41.3172159445464]},"properties":{"id":336774,"name":"어랑천1호발전소","category":"산업/경제>전력>발전소>수력발전소"}},{"type":"Feature","geometry":{"type":"Point","coordinates":[129.390006340757,41.3491137518833]},"properties":{"id":336775,"name":"어랑천2호발전소","category":"산업/경제>전력>발전소>수력발전소"}},{"type":"Feature","geometry":{"type":"Point","coordinates":[126.286852604365,38.9560932780582]},"properties":{"id":336776,"name":"연산군민발전소","category":"산업/경제>전력>발전소>수력발전소"}},{"type":"Feature","geometry":{"type":"Point","coordinates":[126.148554421924,40.990051461674]},"properties":{"id":336778,"name":"연하발전소","category":"산업/경제>전력>발전소>수력발전소"}},{"type":"Feature","geometry":{"type":"Point","coordinates":[125.291024986096,38.6995842304545]},"properties":{"id":336779,"name":"영남배수리공장","category":"산업/경제>중화학공업>조선업>수리공장"}},{"type":"Feature","geometry":{"type":"Point","coordinates":[126.549139941112,39.8780489479813]},"properties":{"id":336780,"name":"영원발전소","category":"산업/경제>전력>발전소>수력발전소"}},{"type":"Feature","geometry":{"type":"Point","coordinates":[126.783311619735,38.368101780996]},"properties":{"id":336782,"name":"예성강청년1호발전소","category":"산업/경제>전력>발전소>수력발전소"}},{"type":"Feature","geometry":{"type":"Point","coordinates":[126.674546212169,38.3244427496171]},"properties":{"id":336783,"name":"예성강청년2호발전소","category":"산업/경제>전력>발전소>수력발전소"}},{"type":"Feature","geometry":{"type":"Point","coordinates":[127.600235888188,39.8233988458712]},"properties":{"id":336787,"name":"용성기계연합기업소","category":"산업/경제>중화학공업>기계공업>광산기계"}},{"type":"Feature","geometry":{"type":"Point","coordinates":[128.519050060085,41.3128312382211]},"properties":{"id":336792,"name":"운흥광산기계공장","category":"산업/경제>중화학공업>기계공업>광산기계"}},{"type":"Feature","geometry":{"type":"Point","coordinates":[127.466422386773,39.1479850423988]},"properties":{"id":336796,"name":"원산구두공장","category":"산업/경제>경공업/IT>신발공업"}},{"type":"Feature","geometry":{"type":"Point","coordinates":[127.361601727571,39.1696591134708]},"properties":{"id":336797,"name":"원산군민발전소","category":"산업/경제>전력>발전소>수력발전소"}},{"type":"Feature","geometry":{"type":"Point","coordinates":[127.45483265101,39.1414832082776]},"properties":{"id":336803,"name":"원산신발공장","category":"산업/경제>경공업/IT>신발공업"}},{"type":"Feature","geometry":{"type":"Point","coordinates":[127.35102408968,39.1627915122841]},"properties":{"id":336805,"name":"원산청년발전소","category":"산업/경제>전력>발전소>수력발전소"}},{"type":"Feature","geometry":{"type":"Point","coordinates":[125.538372184437,38.1906850402728]},"properties":{"id":336811,"name":"은율광산","category":"산업/경제>광업>광산>금속>철"}},{"type":"Feature","geometry":{"type":"Point","coordinates":[125.649169618337,38.4096510777627]},"properties":{"id":336818,"name":"재령광산","category":"산업/경제>광업>광산>금속>철"}},{"type":"Feature","geometry":{"type":"Point","coordinates":[125.720133786838,39.0019088828035]},"properties":{"id":336830,"name":"조선민족보험총회사","category":"산업/경제>서비스업>금융>금융기관"}},{"type":"Feature","geometry":{"type":"Point","coordinates":[125.696176218622,39.0198345883583]},"properties":{"id":336833,"name":"조선컴퓨터센터","category":"산업/경제>경공업/IT>IT>소프트웨어"}},{"type":"Feature","geometry":{"type":"Point","coordinates":[126.099581474705,39.4668439952493]},"properties":{"id":336845,"name":"천성청년탄광","category":"산업/경제>광업>광산>석탄>무연탄"}},{"type":"Feature","geometry":{"type":"Point","coordinates":[129.766091596679,41.8188197769154]},"properties":{"id":336851,"name":"청진버스공장","category":"산업/경제>중화학공업>자동차공업"}},{"type":"Feature","geometry":{"type":"Point","coordinates":[129.758361157645,41.844699771847]},"properties":{"id":336852,"name":"청진연결농기계공장","category":"산업/경제>중화학공업>기계공업>농기계"}},{"type":"Feature","geometry":{"type":"Point","coordinates":[129.492731860952,41.8679003044484]},"properties":{"id":336855,"name":"청진제강소","category":"산업/경제>중화학공업>금속공업>철강공업"}},{"type":"Feature","geometry":{"type":"Point","coordinates":[129.786099840806,41.7715173679169]},"properties":{"id":336856,"name":"청진조선소","category":"산업/경제>중화학공업>조선업>조선소"}},{"type":"Feature","geometry":{"type":"Point","coordinates":[125.671823138135,39.6564535597818]},"properties":{"id":336860,"name":"청천강화력발전소","category":"산업/경제>전력>발전소>화력발전소"}},{"type":"Feature","geometry":{"type":"Point","coordinates":[125.519442755184,39.9737156486903]},"properties":{"id":336863,"name":"태천발전소","category":"산업/경제>전력>발전소>수력발전소"}},{"type":"Feature","geometry":{"type":"Point","coordinates":[124.882907139688,40.4573046414688]},"properties":{"id":336864,"name":"태평만발전소","category":"산업/경제>전력>발전소>수력발전소"}},{"type":"Feature","geometry":{"type":"Point","coordinates":[127.854527405664,38.9200852993599]},"properties":{"id":336865,"name":"통천발전소","category":"산업/경제>전력>발전소>수력발전소"}},{"type":"Feature","geometry":{"type":"Point","coordinates":[125.867928974638,39.2812183911353]},"properties":{"id":336869,"name":"평성자동차공장","category":"산업/경제>중화학공업>자동차공업"}},{"type":"Feature","geometry":{"type":"Point","coordinates":[125.917637841357,39.0820740912387]},"properties":{"id":336875,"name":"평양건설기계공장","category":"산업/경제>중화학공업>기계공업>건설기계"}},{"type":"Feature","geometry":{"type":"Point","coordinates":[125.779809670932,38.9766931039091]},"properties":{"id":336876,"name":"평양건재공장","category":"산업/경제>중화학공업>건재공업>벽돌/건설자기"}},{"type":"Feature","geometry":{"type":"Point","coordinates":[125.504795258661,38.9210056712698]},"properties":{"id":336882,"name":"평양-남포[신도로](고속도로)","category":"산업/경제>도로>고속도로"}},{"type":"Feature","geometry":{"type":"Point","coordinates":[125.753367613046,39.0616412281741]},"properties":{"id":336886,"name":"평양무궤도전차공장","category":"산업/경제>중화학공업>자동차공업"}},{"type":"Feature","geometry":{"type":"Point","coordinates":[125.727631124591,39.0341717887179]},"properties":{"id":336902,"name":"평양정보센터","category":"산업/경제>경공업/IT>IT>소프트웨어"}},{"type":"Feature","geometry":{"type":"Point","coordinates":[125.761194778004,38.9939055931817]},"properties":{"id":336904,"name":"평양종합방직공장","category":"산업/경제>경공업/IT>섬유공업>방직공업"}},{"type":"Feature","geometry":{"type":"Point","coordinates":[125.822315236578,39.0227606752732]},"properties":{"id":336911,"name":"평양탄광기계공장","category":"산업/경제>중화학공업>기계공업>탄광기계"}},{"type":"Feature","geometry":{"type":"Point","coordinates":[125.717347306743,39.0021575036503]},"properties":{"id":336912,"name":"평양통신기계공장","category":"산업/경제>중화학공업>전기/전자공업>전자기기"}},{"type":"Feature","geometry":{"type":"Point","coordinates":[125.406009605906,38.7546685577898]},"properties":{"id":336917,"name":"평화자동차종합공장","category":"산업/경제>중화학공업>자동차공업"}},{"type":"Feature","geometry":{"type":"Point","coordinates":[125.787150710168,38.2267019860533]},"properties":{"id":336918,"name":"하성타이어공장","category":"산업/경제>중화학공업>화학공업>타이어"}},{"type":"Feature","geometry":{"type":"Point","coordinates":[125.68557507598,40.7018090245951]},"properties":{"id":336919,"name":"하창청년2호발전소","category":"산업/경제>전력>발전소>수력발전소"}},{"type":"Feature","geometry":{"type":"Point","coordinates":[127.795963248478,40.2708209772681]},"properties":{"id":336923,"name":"함남지구탄광연합기업소","category":"산업/경제>광업>광산>석탄>무연탄"}},{"type":"Feature","geometry":{"type":"Point","coordinates":[127.556901978545,39.8826581246072]},"properties":{"id":336928,"name":"함흥공작기계공장","category":"산업/경제>중화학공업>기계공업>공작기계"}},{"type":"Feature","geometry":{"type":"Point","coordinates":[127.528858885819,39.9042356740602]},"properties":{"id":336931,"name":"함흥연결농기계공장","category":"산업/경제>중화학공업>기계공업>농기계"}},{"type":"Feature","geometry":{"type":"Point","coordinates":[125.755962428254,38.0310845275078]},"properties":{"id":336941,"name":"해주농기계공장","category":"산업/경제>중화학공업>기계공업>농기계"}},{"type":"Feature","geometry":{"type":"Point","coordinates":[125.709128866382,37.9953452130264]},"properties":{"id":336942,"name":"해주시멘트공장","category":"산업/경제>중화학공업>건재공업>시멘트"}},{"type":"Feature","geometry":{"type":"Point","coordinates":[128.162649021837,41.3891816864243]},"properties":{"id":336954,"name":"혜산제지연합기업소","category":"산업/경제>경공업/IT>제지공업"}},{"type":"Feature","geometry":{"type":"Point","coordinates":[129.75039374238,42.445949325499]},"properties":{"id":336965,"name":"회령구두공장","category":"산업/경제>경공업/IT>신발공업"}},{"type":"Feature","geometry":{"type":"Point","coordinates":[127.560029205783,39.8854634197512]},"properties":{"id":336968,"name":"흥남구두공장","category":"산업/경제>경공업/IT>신발공업"}},{"type":"Feature","geometry":{"type":"Point","coordinates":[127.619490591108,39.8305367909744]},"properties":{"id":336969,"name":"흥남항","category":"산업/경제>항만"}},{"type":"Feature","geometry":{"type":"Point","coordinates":[126.527655829422,40.2734357198273]},"properties":{"id":336974,"name":"희천수력발전소","category":"산업/경제>전력>발전소>수력발전소"}},{"type":"Feature","geometry":{"type":"Point","coordinates":[126.261892619369,40.1724423665359]},"properties":{"id":336976,"name":"희천정밀기계공장","category":"산업/경제>중화학공업>기계공업>정밀기계"}},{"type":"Feature","geometry":{"type":"Point","coordinates":[124.46680415685,39.952165146702]},"properties":{"id":336992,"name":"용천광산","category":"산업/경제>광업>광산>비금속>고령토"}},{"type":"Feature","geometry":{"type":"Point","coordinates":[128.545933049271,41.490311522847]},"properties":{"id":336993,"name":"보천광산","category":"산업/경제>광업>광산>비금속>고령토"}},{"type":"Feature","geometry":{"type":"Point","coordinates":[127.934788360164,41.2128541987714]},"properties":{"id":337018,"name":"삼수광산","category":"산업/경제>광업>광산>비금속>규조토"}},{"type":"Feature","geometry":{"type":"Point","coordinates":[125.161893684403,38.2637370685825]},"properties":{"id":337042,"name":"낙연광산","category":"산업/경제>광업>광산>금속>금"}},{"type":"Feature","geometry":{"type":"Point","coordinates":[126.453959394166,39.0879126024915]},"properties":{"id":337053,"name":"성흥광산","category":"산업/경제>광업>광산>금속>금"}},{"type":"Feature","geometry":{"type":"Point","coordinates":[124.846552421915,40.1586688499207]},"properties":{"id":337079,"name":"천마광산","category":"산업/경제>광업>광산>금속>금"}},{"type":"Feature","geometry":{"type":"Point","coordinates":[129.362282585461,40.8074812031866]},"properties":{"id":337087,"name":"화대광산","category":"산업/경제>광업>광산>금속>금"}},{"type":"Feature","geometry":{"type":"Point","coordinates":[126.809663940615,41.713495108285]},"properties":{"id":337104,"name":"3월5일청년광산","category":"산업/경제>광업>광산>금속>동"}},{"type":"Feature","geometry":{"type":"Point","coordinates":[127.066357487761,41.4338822202823]},"properties":{"id":337114,"name":"후창광산","category":"산업/경제>광업>광산>금속>동"}},{"type":"Feature","geometry":{"type":"Point","coordinates":[129.085147778063,40.6312847225765]},"properties":{"id":337117,"name":"쌍용광산","category":"산업/경제>광업>광산>비금속>마그네사이트"}},{"type":"Feature","geometry":{"type":"Point","coordinates":[126.2409330199,39.2411660358366]},"properties":{"id":337136,"name":"용흥광산","category":"산업/경제>광업>광산>금속>몰리브덴"}},{"type":"Feature","geometry":{"type":"Point","coordinates":[127.306732256077,39.4872769280138]},"properties":{"id":337150,"name":"금야청년탄광","category":"산업/경제>광업>광산>석탄>갈탄"}},{"type":"Feature","geometry":{"type":"Point","coordinates":[126.182160190188,38.1566809702236]},"properties":{"id":337151,"name":"남천탄광","category":"산업/경제>광업>광산>석탄>갈탄"}},{"type":"Feature","geometry":{"type":"Point","coordinates":[125.827419021479,38.4719278383313]},"properties":{"id":337165,"name":"마동탄광","category":"산업/경제>광업>광산>석탄>갈탄"}},{"type":"Feature","geometry":{"type":"Point","coordinates":[125.532681086836,39.7263691837489]},"properties":{"id":337168,"name":"박천탄광","category":"산업/경제>광업>광산>석탄>갈탄"}},{"type":"Feature","geometry":{"type":"Point","coordinates":[125.790756768774,38.4870248317226]},"properties":{"id":337172,"name":"사리원탄광","category":"산업/경제>광업>광산>석탄>갈탄"}},{"type":"Feature","geometry":{"type":"Point","coordinates":[129.390518969288,40.7974967622198]},"properties":{"id":337181,"name":"석성탄광","category":"산업/경제>광업>광산>석탄>갈탄"}},{"type":"Feature","geometry":{"type":"Point","coordinates":[125.459533590862,39.5043766571304]},"properties":{"id":337185,"name":"신리탄광","category":"산업/경제>광업>광산>석탄>갈탄"}},{"type":"Feature","geometry":{"type":"Point","coordinates":[125.477023493899,39.4847848564907]},"properties":{"id":337189,"name":"안주탄광","category":"산업/경제>광업>광산>석탄>갈탄"}},{"type":"Feature","geometry":{"type":"Point","coordinates":[125.716970836527,38.4553359072237]},"properties":{"id":337197,"name":"은파탄광","category":"산업/경제>광업>광산>석탄>갈탄"}},{"type":"Feature","geometry":{"type":"Point","coordinates":[128.29044390041,41.3779556969538]},"properties":{"id":337204,"name":"중봉탄광","category":"산업/경제>광업>광산>석탄>갈탄"}},{"type":"Feature","geometry":{"type":"Point","coordinates":[125.631713830551,39.5207813542553]},"properties":{"id":337206,"name":"태향탄광","category":"산업/경제>광업>광산>석탄>갈탄"}},{"type":"Feature","geometry":{"type":"Point","coordinates":[125.946375520952,39.9278069187675]},"properties":{"id":337221,"name":"구장탄광","category":"산업/경제>광업>광산>석탄>무연탄"}},{"type":"Feature","geometry":{"type":"Point","coordinates":[126.329149666136,39.5112371613852]},"properties":{"id":337222,"name":"남덕탄광","category":"산업/경제>광업>광산>석탄>무연탄"}},{"type":"Feature","geometry":{"type":"Point","coordinates":[126.308727797531,39.7723171981216]},"properties":{"id":337228,"name":"덕천탄광","category":"산업/경제>광업>광산>석탄>무연탄"}},{"type":"Feature","geometry":{"type":"Point","coordinates":[126.194414549461,39.5728793617881]},"properties":{"id":337232,"name":"득장청년탄광","category":"산업/경제>광업>광산>석탄>무연탄"}},{"type":"Feature","geometry":{"type":"Point","coordinates":[125.882938634708,39.1245511281169]},"properties":{"id":337234,"name":"용성탄광","category":"산업/경제>광업>광산>석탄>무연탄"}},{"type":"Feature","geometry":{"type":"Point","coordinates":[125.98763176115,39.6446134242357]},"properties":{"id":337243,"name":"무진대청년탄광","category":"산업/경제>광업>광산>석탄>무연탄"}},{"type":"Feature","geometry":{"type":"Point","coordinates":[126.05695901108,39.0763190552454]},"properties":{"id":337255,"name":"상원탄광","category":"산업/경제>광업>광산>석탄>무연탄"}},{"type":"Feature","geometry":{"type":"Point","coordinates":[126.320375763074,39.7754184825268]},"properties":{"id":337256,"name":"서창청년탄광","category":"산업/경제>광업>광산>석탄>무연탄"}},{"type":"Feature","geometry":{"type":"Point","coordinates":[126.974879712333,39.3666690664939]},"properties":{"id":337263,"name":"수동탄광","category":"산업/경제>광업>광산>석탄>무연탄"}},{"type":"Feature","geometry":{"type":"Point","coordinates":[125.86386769045,39.3993266009696]},"properties":{"id":337264,"name":"순천탄광","category":"산업/경제>광업>광산>석탄>무연탄"}},{"type":"Feature","geometry":{"type":"Point","coordinates":[126.144215702724,39.7479846269859]},"properties":{"id":337272,"name":"월봉탄광","category":"산업/경제>광업>광산>석탄>무연탄"}},{"type":"Feature","geometry":{"type":"Point","coordinates":[126.379900254274,39.6131252486384]},"properties":{"id":337275,"name":"인포탄광","category":"산업/경제>광업>광산>석탄>무연탄"}},{"type":"Feature","geometry":{"type":"Point","coordinates":[126.039341701277,39.781921509362]},"properties":{"id":337276,"name":"자강도공급탄광","category":"산업/경제>광업>광산>석탄>무연탄"}},{"type":"Feature","geometry":{"type":"Point","coordinates":[126.292332383281,39.6361578769343]},"properties":{"id":337277,"name":"장안탄광","category":"산업/경제>광업>광산>석탄>무연탄"}},{"type":"Feature","geometry":{"type":"Point","coordinates":[126.305295043276,39.7302093753704]},"properties":{"id":337279,"name":"제남탄광","category":"산업/경제>광업>광산>석탄>무연탄"}},{"type":"Feature","geometry":{"type":"Point","coordinates":[126.328105525851,39.6193374013719]},"properties":{"id":337287,"name":"풍곡탄광","category":"산업/경제>광업>광산>석탄>무연탄"}},{"type":"Feature","geometry":{"type":"Point","coordinates":[126.19717938209,39.7717920661362]},"properties":{"id":337291,"name":"형봉탄광","category":"산업/경제>광업>광산>석탄>무연탄"}},{"type":"Feature","geometry":{"type":"Point","coordinates":[128.15494925352,41.3823568090875]},"properties":{"id":337292,"name":"혜산탄광","category":"산업/경제>광업>광산>석탄>무연탄"}},{"type":"Feature","geometry":{"type":"Point","coordinates":[126.31213110457,39.6608729755365]},"properties":{"id":337297,"name":"회안탄광","category":"산업/경제>광업>광산>석탄>무연탄"}},{"type":"Feature","geometry":{"type":"Point","coordinates":[126.05084754667,39.4615592540226]},"properties":{"id":337312,"name":"5.4광산","category":"산업/경제>광업>광산>비금속>석회석"}},{"type":"Feature","geometry":{"type":"Point","coordinates":[126.04191915959,38.8256731565096]},"properties":{"id":337324,"name":"삼청광산","category":"산업/경제>광업>광산>비금속>석회석"}},{"type":"Feature","geometry":{"type":"Point","coordinates":[126.188374365337,40.8061397400455]},"properties":{"id":337333,"name":"위원광산","category":"산업/경제>광업>광산>비금속>석회석"}},{"type":"Feature","geometry":{"type":"Point","coordinates":[125.821930203681,38.3541990578544]},"properties":{"id":337336,"name":"은파광산","category":"산업/경제>광업>광산>비금속>석회석"}},{"type":"Feature","geometry":{"type":"Point","coordinates":[128.813361649885,40.922111605029]},"properties":{"id":337359,"name":"검덕광업연합기업소","category":"산업/경제>광업>광산>금속>연,아연"}},{"type":"Feature","geometry":{"type":"Point","coordinates":[126.35924807824,39.3004229046861]},"properties":{"id":337377,"name":"성천광산","category":"산업/경제>광업>광산>금속>연,아연"}},{"type":"Feature","geometry":{"type":"Point","coordinates":[125.396546251372,39.1051645972588]},"properties":{"id":337402,"name":"증산광산","category":"산업/경제>광업>광산>비금속>인회석"}},{"type":"Feature","geometry":{"type":"Point","coordinates":[125.962746103968,38.0753452893694]},"properties":{"id":337406,"name":"덕달광산","category":"산업/경제>광업>광산>비금속>장석"}},{"type":"Feature","geometry":{"type":"Point","coordinates":[125.995432491591,37.9881410973071]},"properties":{"id":337526,"name":"흥산광산","category":"산업/경제>광업>광산>비금속>흑연"}},{"type":"Feature","geometry":{"type":"Point","coordinates":[126.392260755741,41.0280891046702]},"properties":{"id":337542,"name":"시중광산","category":"산업/경제>광업>광산>비금속>인회석"}},{"type":"Feature","geometry":{"type":"Point","coordinates":[130.118863804508,42.6836600036401]},"properties":{"id":337560,"name":"경원군","category":"사회>지명>행정구역(지명)>시/군"}},{"type":"Feature","geometry":{"type":"Point","coordinates":[125.529471252163,38.7933859046275]},"properties":{"id":337642,"name":"대안군","category":"사회>지명>행정구역(지명)>시/군"}},{"type":"Feature","geometry":{"type":"Point","coordinates":[125.289561385051,38.9252866793985]},"properties":{"id":337719,"name":"송현리","category":"사회>지명>행정구역(지명)>동읍리"}},{"type":"Feature","geometry":{"type":"Point","coordinates":[125.929916883119,37.9942294952737]},"properties":{"id":337885,"name":"청단군","category":"사회>지명>행정구역(지명)>시/군"}},{"type":"Feature","geometry":{"type":"Point","coordinates":[126.930059055325,38.3203138934675]},"properties":{"id":337915,"name":"장풍군","category":"사회>지명>행정구역(지명)>시/군"}},{"type":"Feature","geometry":{"type":"Point","coordinates":[125.726687604248,39.0414179091015]},"properties":{"id":338237,"name":"평양목재종합공장","category":"산업/경제>농축수산업>임업>기타"}},{"type":"Feature","geometry":{"type":"Point","coordinates":[125.785700414348,38.9931534456399]},"properties":{"id":338282,"name":"평양맛내기공장","category":"산업/경제>경공업/IT>식료품공업"}},{"type":"Feature","geometry":{"type":"Point","coordinates":[124.377302695192,40.095410778404]},"properties":{"id":338285,"name":"신의주모방직공장","category":"산업/경제>경공업/IT>섬유공업>방직공업"}},{"type":"Feature","geometry":{"type":"Point","coordinates":[124.387517467345,40.0874009432916]},"properties":{"id":338287,"name":"신의주피복공장","category":"산업/경제>경공업/IT>섬유공업>피복공업"}},{"type":"Feature","geometry":{"type":"Point","coordinates":[127.234407581742,39.7710951377847]},"properties":{"id":338301,"name":"금진강발전소","category":"산업/경제>전력>발전소>수력발전소"}},{"type":"Feature","geometry":{"type":"Point","coordinates":[125.532510820191,39.9148832741623]},"properties":{"id":338325,"name":"태천3호청년발전소","category":"산업/경제>전력>발전소>수력발전소"}},{"type":"Feature","geometry":{"type":"Point","coordinates":[125.60165767441,39.8480704790389]},"properties":{"id":338326,"name":"태천4호청년발전소","category":"산업/경제>전력>발전소>수력발전소"}},{"type":"Feature","geometry":{"type":"Point","coordinates":[128.907761009982,40.4090373997751]},"properties":{"id":338334,"name":"단천항","category":"산업/경제>항만"}},{"type":"Feature","geometry":{"type":"Point","coordinates":[127.24195116973,39.8940741515354]},"properties":{"id":338350,"name":"금진강흥봉청년발전소","category":"산업/경제>전력>발전소>수력발전소"}},{"type":"Feature","geometry":{"type":"Point","coordinates":[129.313672668567,40.9628716545572]},"properties":{"id":338373,"name":"2.26공장","category":"산업/경제>경공업/IT>잡업(잡화)"}},{"type":"Feature","geometry":{"type":"Point","coordinates":[125.728537904777,39.0014227599423]},"properties":{"id":339041,"name":"10.5자동화종합공장","category":"산업/경제>중화학공업>기계공업>공작기계"}},{"type":"Feature","geometry":{"type":"Point","coordinates":[129.684952415913,41.7109599678936]},"properties":{"id":339164,"name":"5.10공장","category":"산업/경제>중화학공업>기계공업>광산기계"}},{"type":"Feature","geometry":{"type":"Point","coordinates":[125.781663714563,39.1144919776525]},"properties":{"id":339240,"name":"9.18공장","category":"산업/경제>중화학공업>기계공업>정밀기계"}},{"type":"Feature","geometry":{"type":"Point","coordinates":[124.522177178109,40.18994581561]},"properties":{"id":339242,"name":"9월제철소","category":"산업/경제>중화학공업>금속공업>철강공업"}},{"type":"Feature","geometry":{"type":"Point","coordinates":[124.426861767767,39.8412221754711]},"properties":{"id":339277,"name":"간석지건설종합기업소","category":"산업/경제>중화학공업>건재공업>벽돌/건설자기"}},{"type":"Feature","geometry":{"type":"Point","coordinates":[127.46527977005,39.1532139344638]},"properties":{"id":339505,"name":"곡산공장","category":"산업/경제>경공업/IT>식료품공업"}},{"type":"Feature","geometry":{"type":"Point","coordinates":[126.094350345656,39.1514151349086]},"properties":{"id":339556,"name":"광명건재품공장","category":"산업/경제>중화학공업>건재공업>벽돌/건설자기"}},{"type":"Feature","geometry":{"type":"Point","coordinates":[124.401345447804,40.1057288289419]},"properties":{"id":339646,"name":"국제호텔","category":"산업/경제>서비스업>숙박/요식>호텔"}},{"type":"Feature","geometry":{"type":"Point","coordinates":[128.183274310716,38.6890954877542]},"properties":{"id":339691,"name":"금강산호텔","category":"산업/경제>서비스업>숙박/요식>여관"}},{"type":"Feature","geometry":{"type":"Point","coordinates":[125.7888009636,39.064750504316]},"properties":{"id":339720,"name":"금수산태양궁전","category":"문화/예술>문화재>유적>건물"}},{"type":"Feature","geometry":{"type":"Point","coordinates":[129.314638187214,40.9603588269716]},"properties":{"id":339779,"name":"길주펄프공장","category":"산업/경제>경공업/IT>제지공업"}},{"type":"Feature","geometry":{"type":"Point","coordinates":[126.910760595879,38.349016383391]},"properties":{"id":339787,"name":"김일성연구실","category":"사회>교육/연구>연구기관>인문,사회"}},{"type":"Feature","geometry":{"type":"Point","coordinates":[125.720131478663,39.0482148953186]},"properties":{"id":339795,"name":"김종태전기기관차연합기업소","category":"산업/경제>중화학공업>자동차공업"}},{"type":"Feature","geometry":{"type":"Point","coordinates":[125.712111501302,38.9739031411714]},"properties":{"id":339846,"name":"낙랑영예군인수지일용품공장","category":"산업/경제>경공업/IT>잡업(잡화)"}},{"type":"Feature","geometry":{"type":"Point","coordinates":[124.434698228207,40.0484213563371]},"properties":{"id":339858,"name":"낙원기계공장","category":"산업/경제>중화학공업>기계공업>공작기계"}},{"type":"Feature","geometry":{"type":"Point","coordinates":[124.600391459349,39.8888013683287]},"properties":{"id":339895,"name":"남시축산기계공장","category":"산업/경제>중화학공업>기계공업>기타"}},{"type":"Feature","geometry":{"type":"Point","coordinates":[126.738108445294,38.9011670173477]},"properties":{"id":340042,"name":"닭공장","category":"산업/경제>농축수산업>목축업>가축공장"}},{"type":"Feature","geometry":{"type":"Point","coordinates":[125.806572410909,39.0228289300802]},"properties":{"id":340082,"name":"대동강색감공장","category":"산업/경제>경공업/IT>잡업(잡화)"}},{"type":"Feature","geometry":{"type":"Point","coordinates":[125.792552286205,39.0404059340244]},"properties":{"id":340084,"name":"대동강식료화학공장","category":"산업/경제>경공업/IT>식료품공업"}},{"type":"Feature","geometry":{"type":"Point","coordinates":[125.790891985341,39.0204687730721]},"properties":{"id":340092,"name":"대동강피복공장","category":"산업/경제>경공업/IT>섬유공업>피복공업"}},{"type":"Feature","geometry":{"type":"Point","coordinates":[125.82758850969,39.0781749602891]},"properties":{"id":340125,"name":"대성산혁명열사릉","category":"문화/예술>문화재>유적>능묘"}},{"type":"Feature","geometry":{"type":"Point","coordinates":[125.778103666223,39.0586591027727]},"properties":{"id":340131,"name":"대성피복공장","category":"산업/경제>경공업/IT>섬유공업>피복공업"}},{"type":"Feature","geometry":{"type":"Point","coordinates":[125.752700450589,38.9849568257728]},"properties":{"id":340285,"name":"동평양기계공장","category":"산업/경제>중화학공업>금속공업>철강공업"}},{"type":"Feature","geometry":{"type":"Point","coordinates":[126.3859132553,38.3291152450079]},"properties":{"id":340288,"name":"돼지공장","category":"산업/경제>농축수산업>목축업>가축공장"}},{"type":"Feature","geometry":{"type":"Point","coordinates":[125.660950868675,39.0026020482559]},"properties":{"id":340362,"name":"만경대피복공장","category":"산업/경제>경공업/IT>섬유공업>피복공업"}},{"type":"Feature","geometry":{"type":"Point","coordinates":[125.686192668159,39.0346825556679]},"properties":{"id":340365,"name":"만경대혁명사적지기념품공장","category":"산업/경제>경공업/IT>잡업(잡화)"}},{"type":"Feature","geometry":{"type":"Point","coordinates":[126.217214691655,40.0167558050047]},"properties":{"id":340469,"name":"묘향산소년단등산야영소","category":"문화/예술>문화>야영지"}},{"type":"Feature","geometry":{"type":"Point","coordinates":[125.71832816015,39.0075428133839]},"properties":{"id":340475,"name":"무궤도전차수리공장","category":"산업/경제>중화학공업>자동차공업"}},{"type":"Feature","geometry":{"type":"Point","coordinates":[129.310877299959,42.207639257474]},"properties":{"id":340498,"name":"무산식료공장","category":"산업/경제>경공업/IT>식료품공업"}},{"type":"Feature","geometry":{"type":"Point","coordinates":[125.854061523198,39.0328988822789]},"properties":{"id":340569,"name":"미림갑문발전소","category":"산업/경제>전력>발전소>수력발전소"}},{"type":"Feature","geometry":{"type":"Point","coordinates":[127.468464033811,39.1533537053526]},"properties":{"id":340578,"name":"밀가루공장","category":"산업/경제>경공업/IT>식료품공업"}},{"type":"Feature","geometry":{"type":"Point","coordinates":[124.402531593931,40.1121589828435]},"properties":{"id":340608,"name":"방적기계공장","category":"산업/경제>중화학공업>기계공업>공작기계"}},{"type":"Feature","geometry":{"type":"Point","coordinates":[125.709746282797,39.0315102412268]},"properties":{"id":340710,"name":"보통강역","category":"산업/경제>철도/지하철>철도>철도역"}},{"type":"Feature","geometry":{"type":"Point","coordinates":[125.706134258226,39.0450708844706]},"properties":{"id":340751,"name":"봉수교회","category":"문화/예술>종교>기독교"}},{"type":"Feature","geometry":{"type":"Point","coordinates":[125.987865997851,39.1619682609074]},"properties":{"id":340765,"name":"봉화갑문발전소","category":"산업/경제>전력>발전소>수력발전소"}},{"type":"Feature","geometry":{"type":"Point","coordinates":[125.792022346395,38.9891693996616]},"properties":{"id":340844,"name":"사동종합기계공장","category":"산업/경제>중화학공업>기계공업>기타"}},{"type":"Feature","geometry":{"type":"Point","coordinates":[125.730552931556,38.5299502423161]},"properties":{"id":340856,"name":"사리원기계공장","category":"산업/경제>중화학공업>기계공업>기타"}},{"type":"Feature","geometry":{"type":"Point","coordinates":[125.765500019897,38.4852876064041]},"properties":{"id":340857,"name":"사리원도자기공장","category":"산업/경제>경공업/IT>잡업(잡화)"}},{"type":"Feature","geometry":{"type":"Point","coordinates":[125.760452910066,38.4910306982977]},"properties":{"id":340866,"name":"사리원시기초식품","category":"산업/경제>경공업/IT>식료품공업"}},{"type":"Feature","geometry":{"type":"Point","coordinates":[125.758384673485,38.5103364707101]},"properties":{"id":340867,"name":"사리원식료생산협동조합","category":"산업/경제>경공업/IT>식료품공업"}},{"type":"Feature","geometry":{"type":"Point","coordinates":[125.712285650334,38.5610776044675]},"properties":{"id":340869,"name":"사리원애국수지일용품공장","category":"산업/경제>경공업/IT>잡업(잡화)"}},{"type":"Feature","geometry":{"type":"Point","coordinates":[125.754075941091,38.5181109244131]},"properties":{"id":340880,"name":"사리원포도술공장","category":"산업/경제>경공업/IT>식료품공업"}},{"type":"Feature","geometry":{"type":"Point","coordinates":[129.788505510893,42.6870980606528]},"properties":{"id":340940,"name":"삼봉차량부속품공장","category":"산업/경제>중화학공업>기계공업>정밀기계"}},{"type":"Feature","geometry":{"type":"Point","coordinates":[125.889108003821,39.1056647902175]},"properties":{"id":340966,"name":"삼석피복공장","category":"산업/경제>경공업/IT>섬유공업>피복공업"}},{"type":"Feature","geometry":{"type":"Point","coordinates":[125.645608443054,39.024767076567]},"properties":{"id":341108,"name":"서산거리","category":"사회>지명>인문지명(자연지명)>거리"}},{"type":"Feature","geometry":{"type":"Point","coordinates":[125.41868244516,40.5337819375309]},"properties":{"id":341172,"name":"석회석광산","category":"산업/경제>광업>광산>비금속>기타"}},{"type":"Feature","geometry":{"type":"Point","coordinates":[127.593186239186,38.4172735117157]},"properties":{"id":341491,"name":"식료공장","category":"산업/경제>경공업/IT>식료품공업"}},{"type":"Feature","geometry":{"type":"Point","coordinates":[124.394092130262,40.105580479394]},"properties":{"id":341577,"name":"신의주공산대학","category":"사회>교육/연구>교육기관>고등교육>단과대학"}},{"type":"Feature","geometry":{"type":"Point","coordinates":[124.407228237411,40.1098774592769]},"properties":{"id":341581,"name":"신의주구두공장","category":"산업/경제>경공업/IT>신발공업"}},{"type":"Feature","geometry":{"type":"Point","coordinates":[124.478550861045,40.0977185637333]},"properties":{"id":341585,"name":"신의주닭공장","category":"산업/경제>농축수산업>목축업>가축공장"}},{"type":"Feature","geometry":{"type":"Point","coordinates":[124.481678303429,40.0988873398158]},"properties":{"id":341607,"name":"신의주오리공장","category":"산업/경제>농축수산업>목축업>가축공장"}},{"type":"Feature","geometry":{"type":"Point","coordinates":[124.387903802237,40.0956457395157]},"properties":{"id":341610,"name":"신의주의학전문학교","category":"사회>교육/연구>교육기관>고등교육>전문학교"}},{"type":"Feature","geometry":{"type":"Point","coordinates":[124.431596741882,40.0723915707255]},"properties":{"id":341619,"name":"신의주축전기공장","category":"산업/경제>중화학공업>전기/전자공업>전기기기"}},{"type":"Feature","geometry":{"type":"Point","coordinates":[125.815881829314,38.9830879329764]},"properties":{"id":341742,"name":"애국남새가공공장","category":"산업/경제>경공업/IT>식료품공업"}},{"type":"Feature","geometry":{"type":"Point","coordinates":[129.951142992288,42.0754665970022]},"properties":{"id":341888,"name":"연진수산합동조합","category":"산업/경제>농축수산업>수산업>기타"}},{"type":"Feature","geometry":{"type":"Point","coordinates":[127.438873680169,39.1621829685099]},"properties":{"id":341936,"name":"영예군인가방공장","category":"산업/경제>경공업/IT>잡업(잡화)"}},{"type":"Feature","geometry":{"type":"Point","coordinates":[125.781155802961,38.9699778524286]},"properties":{"id":341954,"name":"영예군인탄부장식품공장","category":"산업/경제>경공업/IT>잡업(잡화)"}},{"type":"Feature","geometry":{"type":"Point","coordinates":[125.782450067736,39.1139818368092]},"properties":{"id":342151,"name":"용성옷공장","category":"산업/경제>경공업/IT>섬유공업>피복공업"}},{"type":"Feature","geometry":{"type":"Point","coordinates":[125.243753674142,40.0403573102622]},"properties":{"id":342274,"name":"운전군수산기지","category":"산업/경제>농축수산업>수산업>기타"}},{"type":"Feature","geometry":{"type":"Point","coordinates":[127.481741431199,39.1388667452512]},"properties":{"id":342313,"name":"원산방적공장","category":"산업/경제>경공업/IT>섬유공업>방직공업"}},{"type":"Feature","geometry":{"type":"Point","coordinates":[125.734319683541,38.3501360984239]},"properties":{"id":342427,"name":"은파호발전소","category":"산업/경제>전력>발전소>수력발전소"}},{"type":"Feature","geometry":{"type":"Point","coordinates":[125.777967281468,39.0069771860185]},"properties":{"id":342626,"name":"장충성당","category":"문화/예술>종교>천주교"}},{"type":"Feature","geometry":{"type":"Point","coordinates":[124.447127718242,39.9635070244061]},"properties":{"id":342656,"name":"전극공장","category":"산업/경제>중화학공업>전기/전자공업>전기기기"}},{"type":"Feature","geometry":{"type":"Point","coordinates":[125.766373252363,39.0169813516186]},"properties":{"id":342738,"name":"조선기록영화촬영소","category":"문화/예술>예술>기타"}},{"type":"Feature","geometry":{"type":"Point","coordinates":[125.789191207126,39.0592780844549]},"properties":{"id":342777,"name":"주암산영빈관","category":"산업/경제>서비스업>숙박/요식>기타"}},{"type":"Feature","geometry":{"type":"Point","coordinates":[125.735888677399,39.019303189557]},"properties":{"id":342910,"name":"창광수출피복공장","category":"산업/경제>경공업/IT>섬유공업>피복공업"}},{"type":"Feature","geometry":{"type":"Point","coordinates":[127.214759251355,39.3701985520539]},"properties":{"id":342951,"name":"천내리시멘트연합기업소","category":"산업/경제>중화학공업>건재공업>시멘트"}},{"type":"Feature","geometry":{"type":"Point","coordinates":[125.027492881036,40.0561592323412]},"properties":{"id":342963,"name":"천마기계수리공장","category":"산업/경제>중화학공업>조선업>수리공장"}},{"type":"Feature","geometry":{"type":"Point","coordinates":[125.860153421669,39.0661244555301]},"properties":{"id":343031,"name":"청암동토성","category":"문화/예술>문화재>유적>건물"}},{"type":"Feature","geometry":{"type":"Point","coordinates":[129.784019689336,41.8061520757555]},"properties":{"id":343037,"name":"청진강제공장","category":"산업/경제>중화학공업>금속공업>철강공업"}},{"type":"Feature","geometry":{"type":"Point","coordinates":[129.79117598721,41.7958655324973]},"properties":{"id":343058,"name":"청진직물공장","category":"산업/경제>경공업/IT>섬유공업>방직공업"}},{"type":"Feature","geometry":{"type":"Point","coordinates":[125.685842516129,39.0117951114056]},"properties":{"id":343066,"name":"청춘거리체육촌","category":"문화/예술>체육>체육시설>실내"}},{"type":"Feature","geometry":{"type":"Point","coordinates":[125.675259936625,39.0318592621936]},"properties":{"id":343106,"name":"칠골교회","category":"문화/예술>종교>기독교"}},{"type":"Feature","geometry":{"type":"Point","coordinates":[125.985413020652,38.9958784839006]},"properties":{"id":343120,"name":"콘크리트침목공장","category":"산업/경제>중화학공업>건재공업>기타"}},{"type":"Feature","geometry":{"type":"Point","coordinates":[125.764524662819,38.9990362295535]},"properties":{"id":343263,"name":"평양가금설비공장","category":"산업/경제>중화학공업>기계공업>공작기계"}},{"type":"Feature","geometry":{"type":"Point","coordinates":[125.729671441717,39.0168400557202]},"properties":{"id":343273,"name":"평양남새가공공장","category":"산업/경제>경공업/IT>식료품공업"}},{"type":"Feature","geometry":{"type":"Point","coordinates":[125.743107148305,39.0417595118094]},"properties":{"id":343278,"name":"평양담배공장","category":"산업/경제>경공업/IT>잡업(잡화)"}},{"type":"Feature","geometry":{"type":"Point","coordinates":[125.747587578313,39.0114338206642]},"properties":{"id":343282,"name":"평양맥주공장","category":"산업/경제>경공업/IT>식료품공업"}},{"type":"Feature","geometry":{"type":"Point","coordinates":[125.717720157642,39.0069694347611]},"properties":{"id":343286,"name":"평양무궤도전차공장","category":"산업/경제>중화학공업>자동차공업"}},{"type":"Feature","geometry":{"type":"Point","coordinates":[125.717462255703,39.0199387278721]},"properties":{"id":343289,"name":"평양보통강호텔","category":"산업/경제>서비스업>숙박/요식>호텔"}},{"type":"Feature","geometry":{"type":"Point","coordinates":[125.731635049975,39.0461342455133]},"properties":{"id":343294,"name":"평양석재공장","category":"산업/경제>중화학공업>건재공업>벽돌/건설자기"}},{"type":"Feature","geometry":{"type":"Point","coordinates":[125.796598307506,39.0005364073734]},"properties":{"id":343295,"name":"평양선교피복공장","category":"산업/경제>경공업/IT>섬유공업>피복공업"}},{"type":"Feature","geometry":{"type":"Point","coordinates":[125.735225038157,39.0311788171408]},"properties":{"id":343307,"name":"평양실험기구공장","category":"산업/경제>경공업/IT>기타"}},{"type":"Feature","geometry":{"type":"Point","coordinates":[125.720225802432,39.0125755713572]},"properties":{"id":343312,"name":"평양양말공장","category":"산업/경제>경공업/IT>섬유공업>피복공업"}},{"type":"Feature","geometry":{"type":"Point","coordinates":[125.73797705307,39.0285570552187]},"properties":{"id":343317,"name":"평양어린이편직공장","category":"산업/경제>경공업/IT>섬유공업>방직공업"}},{"type":"Feature","geometry":{"type":"Point","coordinates":[125.719217354012,38.997694062573]},"properties":{"id":343319,"name":"평양연필공장","category":"산업/경제>경공업/IT>잡업(잡화)"}},{"type":"Feature","geometry":{"type":"Point","coordinates":[125.768183540485,39.0686997677092]},"properties":{"id":343325,"name":"평양영예군인원주필공장","category":"산업/경제>경공업/IT>잡업(잡화)"}},{"type":"Feature","geometry":{"type":"Point","coordinates":[125.822371150425,39.0228197054098]},"properties":{"id":343327,"name":"평양옷공장","category":"산업/경제>경공업/IT>섬유공업>피복공업"}},{"type":"Feature","geometry":{"type":"Point","coordinates":[125.732021703728,39.0355227708598]},"properties":{"id":343332,"name":"유경호텔","category":"산업/경제>서비스업>숙박/요식>호텔"}},{"type":"Feature","geometry":{"type":"Point","coordinates":[125.719821898197,39.0244738021604]},"properties":{"id":343334,"name":"평양의료기구공장","category":"산업/경제>경공업/IT>기타"}},{"type":"Feature","geometry":{"type":"Point","coordinates":[125.714532794807,38.9955806230708]},"properties":{"id":343340,"name":"평양일용형타공장","category":"산업/경제>중화학공업>기계공업>공작기계"}},{"type":"Feature","geometry":{"type":"Point","coordinates":[125.682703842262,39.0430074740107]},"properties":{"id":343342,"name":"평양자동화기구공장","category":"산업/경제>중화학공업>기계공업>공작기계"}},{"type":"Feature","geometry":{"type":"Point","coordinates":[125.745988691303,39.0852251985624]},"properties":{"id":343343,"name":"평양자전거공장","category":"산업/경제>경공업/IT>잡업(잡화)"}},{"type":"Feature","geometry":{"type":"Point","coordinates":[125.74369865151,39.0455594102079]},"properties":{"id":343344,"name":"평양전기건재공장","category":"산업/경제>중화학공업>건재공업>벽돌/건설자기"}},{"type":"Feature","geometry":{"type":"Point","coordinates":[125.692282361926,39.0403481669924]},"properties":{"id":343362,"name":"평양칠감공장","category":"산업/경제>중화학공업>화학공업>기타"}},{"type":"Feature","geometry":{"type":"Point","coordinates":[125.73302088887,39.0302013321554]},"properties":{"id":343365,"name":"평양편직바늘공장","category":"산업/경제>경공업/IT>잡업(잡화)"}},{"type":"Feature","geometry":{"type":"Point","coordinates":[125.723957261546,39.0179408705437]},"properties":{"id":343368,"name":"평양피복공장","category":"산업/경제>경공업/IT>섬유공업>피복공업"}},{"type":"Feature","geometry":{"type":"Point","coordinates":[125.71128021925,39.0091906595568]},"properties":{"id":343375,"name":"평양화력발전연합기업소","category":"산업/경제>전력>발전소>화력발전소"}},{"type":"Feature","geometry":{"type":"Point","coordinates":[128.072866533106,38.6343999397236]},"properties":{"id":343425,"name":"표훈사","category":"문화/예술>문화재>유적>건물"}},{"type":"Feature","geometry":{"type":"Point","coordinates":[125.770850420354,38.6652984097381]},"properties":{"id":343727,"name":"황주직물공장","category":"산업/경제>경공업/IT>섬유공업>방직공업"}},{"type":"Feature","geometry":{"type":"Point","coordinates":[127.626319192335,38.7072290658217]},"properties":{"id":344177,"name":"식료가공공장","category":"산업/경제>경공업/IT>식료품공업"}},{"type":"Feature","geometry":{"type":"Point","coordinates":[127.318915406857,39.2565211884459]},"properties":{"id":344223,"name":"양정사업소","category":"산업/경제>경공업/IT>식료품공업"}},{"type":"Feature","geometry":{"type":"Point","coordinates":[126.598176582678,40.9566116725656]},"properties":{"id":344617,"name":"강계시남산중학교","category":"사회>교육/연구>교육기관>중등교육"}},{"type":"Feature","geometry":{"type":"Point","coordinates":[125.796391108054,39.0327281815858]},"properties":{"id":344625,"name":"국제관계대학","category":"사회>교육/연구>교육기관>고등교육>단과대학"}},{"type":"Feature","geometry":{"type":"Point","coordinates":[125.666120095766,39.0018147130417]},"properties":{"id":344628,"name":"김일성군사종합대학교","category":"사회>교육/연구>교육기관>고등교육>종합대학"}},{"type":"Feature","geometry":{"type":"Point","coordinates":[125.785208615096,39.0407321355009]},"properties":{"id":344709,"name":"평양음악대학","category":"사회>교육/연구>교육기관>고등교육>단과대학"}},{"type":"Feature","geometry":{"type":"Point","coordinates":[125.785471589747,38.9980049032703]},"properties":{"id":344712,"name":"평양체신대학","category":"사회>교육/연구>교육기관>초등교육"}},{"type":"Feature","geometry":{"type":"Point","coordinates":[125.72993517717,39.0866871001479]},"properties":{"id":344715,"name":"김일성정치대학","category":"사회>교육/연구>교육기관>고등교육>전문학교"}},{"type":"Feature","geometry":{"type":"Point","coordinates":[125.73778135086,38.0390800185176]},"properties":{"id":344720,"name":"해주농업대학","category":"사회>교육/연구>교육기관>고등교육>단과대학"}},{"type":"Feature","geometry":{"type":"Point","coordinates":[128.185568698251,41.3952859555345]},"properties":{"id":344727,"name":"혜산의학전문학교","category":"사회>교육/연구>교육기관>고등교육>전문학교"}},{"type":"Feature","geometry":{"type":"Point","coordinates":[125.504800698571,38.9213499465274]},"properties":{"id":344822,"name":"청년영웅도로","category":"산업/경제>도로>3급도로"}},{"type":"Feature","geometry":{"type":"Point","coordinates":[128.328580876004,41.8052224534368]},"properties":{"id":344850,"name":"삼지연학생소년궁전","category":"사회>교육/연구>교육기관>고등교육>전문학교"}},{"type":"Feature","geometry":{"type":"Point","coordinates":[125.735760980823,39.0444217347001]},"properties":{"id":344873,"name":"조국해방전쟁승리기념관","category":"문화/예술>문화>전시관>기념관"}},{"type":"Feature","geometry":{"type":"Point","coordinates":[127.686838720693,39.869030270604]},"properties":{"id":345003,"name":"김정숙해군대학","category":"사회>교육/연구>교육기관>고등교육>단과대학"}},{"type":"Feature","geometry":{"type":"Point","coordinates":[126.267408281961,40.1688817575127]},"properties":{"id":345543,"name":"희천체신대학","category":"사회>교육/연구>교육기관>고등교육>단과대학"}},{"type":"Feature","geometry":{"type":"Point","coordinates":[126.586697349226,40.9632277395401]},"properties":{"id":345657,"name":"강계농림대학","category":"사회>교육/연구>교육기관>고등교육>단과대학"}},{"type":"Feature","geometry":{"type":"Point","coordinates":[125.844664486025,39.0163596561777]},"properties":{"id":345758,"name":"미림간이비행장","category":"산업/경제>공항"}},{"type":"Feature","geometry":{"type":"Point","coordinates":[126.349366631733,40.179759927867]},"properties":{"id":345773,"name":"희천2호발전소","category":"산업/경제>전력>발전소>수력발전소"}},{"type":"Feature","geometry":{"type":"Point","coordinates":[127.571656251512,39.8516872765402]},"properties":{"id":345774,"name":"함흥화력발전소","category":"산업/경제>전력>발전소>화력발전소"}},{"type":"Feature","geometry":{"type":"Point","coordinates":[125.701674967289,40.21335684409]},"properties":{"id":345785,"name":"구용강","category":"환경>수문>주요 강"}},{"type":"Feature","geometry":{"type":"Point","coordinates":[125.32137462866,39.9457737519595]},"properties":{"id":345880,"name":"태천","category":"환경>수문>주요 강"}},{"type":"Feature","geometry":{"type":"Point","coordinates":[127.536371678498,39.9040430085284]},"properties":{"id":345916,"name":"서함흥역","category":"산업/경제>철도/지하철>철도>철도역"}},{"type":"Feature","geometry":{"type":"Point","coordinates":[125.767193919101,39.0801459223111]},"properties":{"id":345987,"name":"김일성김정일동상","category":"문화/예술>문화재>유물>유물(일반)"}},{"type":"Feature","geometry":{"type":"Point","coordinates":[125.776427173351,39.0280265396059]},"properties":{"id":345989,"name":"당창건기념탑","category":"문화/예술>문화재>유적>탑과부도"}},{"type":"Feature","geometry":{"type":"Point","coordinates":[125.735154878068,39.0399889057327]},"properties":{"id":345994,"name":"평양류경정주영체육관","category":"문화/예술>체육>체육시설>실내"}},{"type":"Feature","geometry":{"type":"Point","coordinates":[125.930155581686,37.8339397266996]},"properties":{"id":346004,"name":"용매도간척지","category":"산업/경제>농축수산업>농업>간척지"}},{"type":"Feature","geometry":{"type":"Point","coordinates":[126.490456427061,40.9944300823095]},"properties":{"id":346021,"name":"흥주청년2호발전소","category":"산업/경제>전력>발전소>수력발전소"}},{"type":"Feature","geometry":{"type":"Point","coordinates":[127.251015299365,39.0620311137849]},"properties":{"id":348197,"name":"마식령스키장","category":"문화/예술>관광>위락시설>기타"}},{"type":"Feature","geometry":{"type":"Point","coordinates":[127.577777777478,39.8530555555609]},"properties":{"id":348202,"name":"2.8비날론연합기업소","category":"산업/경제>중화학공업>화학공업>기타"}}]}